FIPS,year,population,poverty-rate,median-household-income,median-property-value,evictions,eviction-rate
48201100000,2016,4366.0,1.69,82004.0,229700.0,47.0,3.02
48201210400,2016,4825.0,33.75,23456.0,116900.0,43.0,4.1
48201210500,2016,6061.0,31.28,30996.0,110600.0,15.0,1.59
48201210600,2016,5391.0,14.3,48026.0,159200.0,8.0,0.89
48201210700,2016,2176.0,31.8,24458.0,88500.0,11.0,2.91
48201210800,2016,2563.0,45.42,21204.0,55300.0,25.0,3.84
48201210900,2016,1474.0,25.0,28174.0,61100.0,19.0,5.9
48201211000,2016,1854.0,21.84,27007.0,70400.0,14.0,2.73
48201211100,2016,5710.0,44.81,19907.0,55300.0,93.0,7.29
48201211200,2016,2553.0,37.2,20169.0,49900.0,74.0,10.82
48201211300,2016,5163.0,49.5,16912.0,64200.0,103.0,7.55
48201211400,2016,3844.0,43.77,27125.0,156300.0,46.0,5.51
48201211500,2016,7382.0,32.06,36023.0,70700.0,15.0,1.57
48201211600,2016,2755.0,25.22,21075.0,62500.0,16.0,3.82
48201211700,2016,3863.0,38.41,17500.0,45900.0,57.0,6.64
48201211900,2016,5292.0,26.1,32382.0,63300.0,5.0,0.79
48201212300,2016,6088.0,40.25,24468.0,81300.0,28.0,2.41
48201212400,2016,3081.0,30.17,30987.0,82300.0,7.0,1.5
48201212500,2016,3520.0,22.04,31176.0,60200.0,21.0,4.34
48201220100,2016,2310.0,25.13,32350.0,68000.0,29.0,10.21
48201220200,2016,2664.0,16.01,34961.0,95100.0,5.0,1.08
48201220300,2016,4452.0,22.78,39831.0,79000.0,6.0,0.8
48201220400,2016,4346.0,30.02,33802.0,82900.0,12.0,1.4
48201220500,2016,4054.0,26.06,18289.0,78600.0,28.0,1.88
48201220600,2016,3806.0,33.37,37260.0,83100.0,6.0,1.01
48201220700,2016,5485.0,42.22,22464.0,80100.0,17.0,1.46
48201220800,2016,2787.0,54.41,22132.0,84600.0,48.0,6.69
48201220900,2016,1610.0,21.88,34594.0,69200.0,29.0,11.03
48201221000,2016,3520.0,31.52,36550.0,83200.0,14.0,2.93
48201221100,2016,3717.0,25.76,36071.0,87400.0,6.0,1.36
48201221200,2016,6381.0,19.49,40913.0,84100.0,9.0,1.86
48201221300,2016,8843.0,26.89,36569.0,83400.0,8.0,0.79
48201221400,2016,6125.0,51.81,24163.0,90600.0,54.0,5.3
48201221500,2016,9214.0,41.89,26620.0,84500.0,56.0,3.24
48201221600,2016,10062.0,22.25,46236.0,94300.0,27.0,3.83
48201221700,2016,8555.0,28.12,34617.0,71500.0,8.0,0.95
48201221800,2016,3842.0,29.19,34089.0,75300.0,8.0,1.54
48201221900,2016,4284.0,27.68,39336.0,74300.0,12.0,2.53
48201222000,2016,2565.0,21.34,38542.0,77400.0,2.0,1.09
48201222100,2016,5321.0,27.14,33036.0,71400.0,8.0,1.54
48201222200,2016,3951.0,31.94,40513.0,85800.0,2.0,0.38
48201222300,2016,4803.0,33.33,33879.0,77400.0,18.0,4.77
48201222401,2016,3112.0,40.88,28941.0,73000.0,12.0,2.51
48201222402,2016,6743.0,35.85,35566.0,78500.0,15.0,2.82
48201222501,2016,4052.0,38.51,25795.0,94800.0,14.0,2.58
48201222502,2016,3930.0,27.19,41176.0,95000.0,9.0,3.2
48201222503,2016,7789.0,42.66,29401.0,87000.0,24.0,2.26
48201222700,2016,5521.0,47.88,15972.0,86500.0,105.0,5.38
48201222800,2016,2940.0,27.23,38786.0,80000.0,7.0,1.73
48201222900,2016,9040.0,23.63,43937.0,91300.0,17.0,2.74
48201223001,2016,4409.0,42.65,41806.0,83900.0,16.0,4.64
48201223002,2016,4106.0,46.7,24497.0,91800.0,37.0,5.83
48201223100,2016,1961.0,34.08,37981.0,87500.0,3.0,1.76
48201230100,2016,1249.0,41.34,26638.0,86800.0,14.0,3.45
48201230200,2016,4730.0,38.64,25430.0,75200.0,52.0,5.74
48201230300,2016,1768.0,30.28,23153.0,74300.0,23.0,6.63
48201230400,2016,3099.0,19.47,31990.0,53800.0,45.0,6.22
48201230500,2016,3576.0,30.16,38094.0,74800.0,15.0,2.94
48201230600,2016,2724.0,25.91,24759.0,71800.0,10.0,3.02
48201230700,2016,2618.0,31.44,25313.0,71500.0,48.0,9.09
48201230800,2016,2590.0,12.29,30595.0,59600.0,7.0,2.57
48201230900,2016,3674.0,27.5,26989.0,46200.0,11.0,1.5
48201231000,2016,3773.0,16.96,34511.0,51800.0,14.0,3.06
48201231100,2016,4907.0,22.4,35719.0,65100.0,10.0,2.0
48201231200,2016,7791.0,28.93,30375.0,71800.0,27.0,2.17
48201231300,2016,4218.0,24.37,27181.0,76400.0,30.0,4.97
48201231400,2016,2597.0,9.94,37885.0,65600.0,2.0,1.06
48201231500,2016,2898.0,26.34,31910.0,56600.0,11.0,3.3
48201231600,2016,2821.0,14.51,36600.0,66200.0,8.0,3.01
48201231700,2016,3417.0,27.54,35955.0,68700.0,6.0,1.29
48201231800,2016,2591.0,23.2,31875.0,67300.0,7.0,2.66
48201231900,2016,6570.0,28.23,36794.0,61400.0,6.0,0.91
48201232000,2016,3826.0,12.0,50302.0,70900.0,7.0,1.73
48201232100,2016,3022.0,27.72,33466.0,53800.0,11.0,2.23
48201232200,2016,14186.0,12.27,59212.0,238500.0,52.0,2.42
48201232301,2016,9806.0,22.97,41125.0,89500.0,52.0,4.81
48201232302,2016,11232.0,12.96,61099.0,100800.0,17.0,2.46
48201232401,2016,8810.0,16.09,53709.0,121400.0,9.0,1.91
48201232402,2016,3963.0,21.75,41689.0,83300.0,6.0,1.08
48201232403,2016,4261.0,13.41,37141.0,76400.0,6.0,1.02
48201232500,2016,3812.0,7.5,42305.0,81900.0,20.0,6.39
48201232600,2016,2995.0,7.23,55774.0,89200.0,3.0,1.49
48201232701,2016,8909.0,28.6,35747.0,83100.0,62.0,3.82
48201232702,2016,6327.0,31.57,33144.0,102000.0,53.0,3.32
48201232800,2016,5843.0,12.73,42603.0,117600.0,30.0,2.15
48201232900,2016,7588.0,14.16,50607.0,117400.0,28.0,1.57
48201233001,2016,3470.0,17.59,40292.0,97500.0,36.0,5.67
48201233002,2016,4209.0,8.59,71023.0,119900.0,1.0,0.95
48201233003,2016,2385.0,3.67,70938.0,106200.0,1.0,1.0
48201233101,2016,4347.0,26.8,37346.0,75500.0,12.0,1.74
48201233102,2016,7273.0,36.12,34893.0,60400.0,12.0,1.2
48201233103,2016,5477.0,36.11,28750.0,63000.0,11.0,1.2
48201233200,2016,5584.0,9.75,53760.0,79600.0,3.0,0.72
48201233300,2016,5147.0,18.56,43513.0,58500.0,21.0,3.64
48201233400,2016,2752.0,32.31,22692.0,80200.0,16.0,2.78
48201233500,2016,7999.0,35.45,27438.0,72900.0,9.0,1.17
48201233600,2016,1995.0,41.99,31056.0,60900.0,13.0,4.01
48201233701,2016,5455.0,19.11,42955.0,64200.0,5.0,0.97
48201233702,2016,3119.0,15.59,40288.0,64600.0,5.0,1.28
48201233703,2016,2506.0,15.68,44875.0,71300.0,7.0,3.24
48201240100,2016,4456.0,41.5,24866.0,90900.0,85.0,5.89
48201240400,2016,7086.0,21.35,52484.0,116400.0,38.0,5.24
48201240501,2016,6339.0,40.64,25101.0,96300.0,256.0,13.64
48201240502,2016,5460.0,46.37,19893.0,70500.0,166.0,7.72
48201240701,2016,15940.0,7.73,64802.0,106600.0,88.0,6.3
48201240702,2016,12893.0,16.92,54964.0,92200.0,65.0,5.96
48201240801,2016,7050.0,27.96,39451.0,124000.0,118.0,5.53
48201240802,2016,4462.0,8.51,46972.0,112200.0,81.0,12.37
48201240901,2016,9820.0,9.39,65837.0,98900.0,27.0,2.81
48201240902,2016,12984.0,9.08,56762.0,110300.0,39.0,3.29
48201241000,2016,8429.0,12.41,60421.0,91800.0,33.0,3.63
48201241101,2016,5190.0,8.88,62064.0,94600.0,12.0,3.28
48201241102,2016,12123.0,11.81,62847.0,99200.0,54.0,5.17
48201241103,2016,3926.0,14.73,49211.0,87600.0,37.0,4.27
48201241200,2016,7094.0,11.25,55437.0,100800.0,69.0,7.53
48201241300,2016,11928.0,6.04,86010.0,168800.0,19.0,2.52
48201241400,2016,8252.0,3.51,74333.0,124100.0,16.0,2.14
48201241500,2016,9411.0,16.31,35525.0,74900.0,95.0,4.06
48201250100,2016,8648.0,5.72,59069.0,113500.0,25.0,3.81
48201250200,2016,8936.0,13.81,53889.0,88800.0,30.0,2.61
48201250301,2016,8419.0,2.49,62598.0,110900.0,21.0,2.46
48201250302,2016,10719.0,5.25,76688.0,145600.0,16.0,2.59
48201250401,2016,12217.0,4.89,86549.0,146000.0,19.0,4.45
48201250402,2016,17659.0,5.52,103661.0,185400.0,33.0,2.22
48201250500,2016,5545.0,7.98,67714.0,130500.0,20.0,2.57
48201250600,2016,8296.0,25.44,35903.0,103800.0,62.0,2.75
48201250701,2016,5870.0,11.51,76049.0,120800.0,14.0,3.97
48201250702,2016,4903.0,5.18,101563.0,161900.0,3.0,1.95
48201250800,2016,8425.0,2.2,113421.0,193700.0,5.0,1.59
48201250900,2016,10268.0,2.61,124814.0,344500.0,8.0,1.06
48201251000,2016,3190.0,7.6,59073.0,466300.0,6.0,0.69
48201251100,2016,7578.0,2.6,74552.0,165900.0,5.0,0.84
48201251200,2016,6180.0,9.67,77839.0,140000.0,7.0,1.65
48201251300,2016,7844.0,2.88,99603.0,172000.0,2.0,0.58
48201251401,2016,2645.0,0.0,117292.0,166300.0,7.0,8.43
48201251402,2016,6062.0,4.63,64705.0,120500.0,12.0,1.69
48201251501,2016,5392.0,0.87,126468.0,242700.0,2.0,1.77
48201251502,2016,10028.0,2.99,119942.0,220800.0,3.0,0.62
48201251503,2016,2198.0,0.96,104688.0,159100.0,2.0,3.08
48201251600,2016,6190.0,3.67,85938.0,207700.0,3.0,1.14
48201251700,2016,7727.0,5.17,65445.0,129700.0,19.0,2.2
48201251800,2016,2214.0,3.07,83500.0,159300.0,2.0,1.55
48201251901,2016,9535.0,4.29,74191.0,123400.0,16.0,2.86
48201251902,2016,5146.0,3.85,73250.0,138600.0,5.0,1.4
48201252000,2016,14788.0,2.2,120711.0,228100.0,11.0,1.52
48201252100,2016,1927.0,0.6,71481.0,92700.0,0.0,0.0
48201252200,2016,7763.0,8.47,48630.0,108400.0,12.0,1.07
48201252301,2016,9509.0,15.22,53542.0,99800.0,11.0,1.35
48201252302,2016,12636.0,7.21,66515.0,111000.0,10.0,1.15
48201252400,2016,6631.0,19.28,47273.0,80900.0,11.0,1.66
48201252500,2016,4328.0,31.11,37188.0,55000.0,22.0,2.95
48201252600,2016,7223.0,23.68,41017.0,80200.0,20.0,2.01
48201252700,2016,4165.0,16.5,46837.0,117700.0,15.0,2.9
48201252800,2016,7258.0,19.48,39432.0,79500.0,15.0,2.36
48201252900,2016,8109.0,11.55,53571.0,86900.0,33.0,3.49
48201253000,2016,4053.0,3.49,57899.0,92600.0,21.0,4.15
48201253100,2016,9983.0,4.96,89261.0,131800.0,9.0,3.2
48201253200,2016,10591.0,17.54,59361.0,147700.0,37.0,2.8
48201253300,2016,3551.0,5.75,76554.0,124400.0,5.0,2.54
48201253400,2016,678.0,7.07,45329.0,83500.0,3.0,2.16
48201253500,2016,8528.0,21.81,38834.0,88800.0,36.0,2.27
48201253600,2016,5569.0,23.65,42885.0,186300.0,69.0,4.12
48201253700,2016,5517.0,9.39,57283.0,110500.0,13.0,0.89
48201253800,2016,7698.0,21.82,51869.0,96300.0,60.0,7.53
48201253900,2016,4309.0,20.38,44402.0,103400.0,47.0,4.75
48201254000,2016,4372.0,11.59,44728.0,89800.0,43.0,6.66
48201254100,2016,5759.0,20.21,39449.0,66200.0,22.0,2.46
48201254200,2016,2807.0,17.66,44714.0,59900.0,13.0,3.81
48201254300,2016,4959.0,26.34,32659.0,68400.0,23.0,2.84
48201254400,2016,3049.0,31.62,27128.0,47400.0,20.0,4.95
48201254500,2016,2382.0,22.18,43125.0,59300.0,21.0,5.53
48201254600,2016,4356.0,21.61,40302.0,63700.0,19.0,3.75
48201254700,2016,2677.0,10.51,63203.0,133900.0,26.0,6.9
48201310100,2016,5626.0,47.34,37102.0,218500.0,47.0,2.4
48201310200,2016,1595.0,4.24,101875.0,250800.0,0.0,0.0
48201310300,2016,4366.0,18.03,41381.0,153600.0,19.0,1.66
48201310400,2016,3628.0,37.82,25706.0,85700.0,14.0,1.68
48201310500,2016,5024.0,25.93,34129.0,86200.0,20.0,1.97
48201310600,2016,5646.0,19.58,35038.0,102400.0,24.0,2.02
48201310700,2016,3813.0,25.28,42128.0,118000.0,17.0,2.25
48201310800,2016,2461.0,32.68,24798.0,133200.0,1.0,0.16
48201310900,2016,5380.0,35.07,24452.0,80400.0,28.0,2.22
48201311000,2016,7398.0,35.92,26992.0,83500.0,43.0,3.61
48201311100,2016,5894.0,15.4,36321.0,76700.0,20.0,1.98
48201311200,2016,5327.0,24.05,36769.0,97700.0,20.0,2.24
48201311300,2016,4943.0,21.68,41818.0,95400.0,4.0,0.75
48201311400,2016,1595.0,30.25,48221.0,83600.0,9.0,3.27
48201311500,2016,7112.0,22.2,42372.0,84500.0,20.0,1.66
48201311700,2016,5558.0,34.2,28732.0,75700.0,33.0,2.61
48201311800,2016,4853.0,36.06,33169.0,92700.0,11.0,1.69
48201311900,2016,2379.0,23.02,39071.0,90900.0,6.0,1.85
48201312000,2016,6058.0,2.11,36181.0,228800.0,6.0,0.6
48201312200,2016,2232.0,34.8,21791.0,80600.0,41.0,5.83
48201312300,2016,1819.0,30.48,23424.0,122000.0,29.0,4.22
48201312400,2016,2152.0,38.31,19330.0,79000.0,24.0,3.08
48201312500,2016,3752.0,16.52,80592.0,247800.0,10.0,1.02
48201312600,2016,7102.0,5.87,115444.0,349800.0,12.0,0.44
48201312700,2016,2032.0,18.12,46125.0,123400.0,25.0,3.75
48201312800,2016,2334.0,59.78,14149.0,117300.0,24.0,4.36
48201312900,2016,3511.0,24.08,34863.0,184300.0,31.0,2.6
48201313000,2016,2569.0,6.63,37074.0,178500.0,49.0,6.08
48201313100,2016,3193.0,3.35,73586.0,331700.0,9.0,0.75
48201313200,2016,3938.0,17.97,38098.0,256600.0,60.0,7.29
48201313300,2016,2637.0,23.82,38828.0,87600.0,47.0,11.24
48201313400,2016,2937.0,12.82,35284.0,66700.0,40.0,5.71
48201313500,2016,2610.0,33.39,28384.0,59600.0,43.0,9.47
48201313600,2016,4566.0,34.16,30203.0,63100.0,36.0,3.51
48201313700,2016,2507.0,10.88,40031.0,71700.0,17.0,3.8
48201313800,2016,4490.0,29.38,20900.0,72200.0,93.0,6.09
48201313900,2016,5037.0,8.26,55000.0,127100.0,23.0,0.98
48201314001,2016,3045.0,7.5,45991.0,115100.0,5.0,0.4
48201314002,2016,6782.0,14.67,43398.0,115700.0,13.0,0.34
48201314300,2016,4326.0,20.79,29953.0,39900.0,48.0,2.41
48201314400,2016,3440.0,9.6,52426.0,122500.0,1.0,0.07
48201320100,2016,2909.0,22.84,30463.0,86700.0,24.0,3.39
48201320200,2016,7476.0,29.03,40217.0,71000.0,41.0,3.16
48201320500,2016,4648.0,10.5,43995.0,78900.0,6.0,2.41
48201320601,2016,2473.0,24.01,37548.0,86200.0,2.0,0.51
48201320602,2016,4636.0,14.89,37698.0,81100.0,13.0,1.75
48201320700,2016,3963.0,11.83,39258.0,114100.0,28.0,2.86
48201320800,2016,5483.0,18.1,41897.0,80900.0,10.0,1.46
48201320900,2016,7700.0,18.83,45053.0,85700.0,77.0,8.2
48201321000,2016,9523.0,26.17,36137.0,92700.0,22.0,2.4
48201321100,2016,8166.0,9.63,54563.0,108400.0,21.0,1.75
48201321200,2016,3531.0,38.99,28144.0,22400.0,17.0,1.71
48201321300,2016,6640.0,17.93,38281.0,114700.0,104.0,7.48
48201321401,2016,4632.0,25.05,35045.0,83000.0,9.0,1.9
48201321402,2016,4338.0,15.67,62338.0,88900.0,8.0,1.64
48201321500,2016,2977.0,36.02,25417.0,70300.0,54.0,7.27
48201321600,2016,7190.0,18.17,53862.0,101000.0,19.0,3.19
48201321700,2016,3352.0,12.78,55887.0,102600.0,9.0,4.69
48201321800,2016,4171.0,17.17,32202.0,79100.0,3.0,0.92
48201321900,2016,6100.0,16.5,48354.0,74800.0,18.0,3.4
48201322100,2016,4226.0,27.96,31976.0,70300.0,54.0,8.19
48201322200,2016,1459.0,16.09,30588.0,77000.0,20.0,7.33
48201322600,2016,5784.0,11.91,47872.0,90900.0,3.0,0.54
48201322700,2016,7322.0,18.98,47443.0,90000.0,15.0,1.86
48201322800,2016,6104.0,15.34,44002.0,66300.0,22.0,3.99
48201322900,2016,4125.0,24.77,36650.0,71300.0,23.0,4.26
48201323000,2016,6898.0,31.52,26458.0,75700.0,40.0,2.29
48201323100,2016,3737.0,38.92,24842.0,74300.0,57.0,7.22
48201323200,2016,5129.0,9.7,51250.0,94000.0,10.0,1.82
48201323300,2016,3973.0,26.0,28229.0,77500.0,12.0,1.62
48201323400,2016,7732.0,31.86,39896.0,79700.0,13.0,1.25
48201323500,2016,5400.0,28.48,29392.0,92200.0,23.0,1.53
48201323600,2016,8070.0,10.71,49627.0,120400.0,11.0,0.73
48201323701,2016,4158.0,6.48,51140.0,194100.0,14.0,0.94
48201323702,2016,3022.0,14.69,40797.0,128800.0,1.0,0.13
48201323801,2016,3483.0,5.14,62779.0,97700.0,1.0,0.37
48201323802,2016,4986.0,16.64,47201.0,102800.0,19.0,2.85
48201323900,2016,3884.0,23.68,27525.0,89200.0,4.0,0.31
48201324000,2016,5504.0,0.65,64678.0,126700.0,5.0,1.03
48201324100,2016,4969.0,34.0,28484.0,64900.0,55.0,6.33
48201324200,2016,1540.0,24.25,26950.0,64900.0,1.0,0.55
48201330100,2016,9407.0,17.91,51595.0,83800.0,13.0,2.17
48201330200,2016,4386.0,31.6,37733.0,93500.0,17.0,3.23
48201330301,2016,8222.0,11.95,63179.0,107500.0,17.0,8.5
48201330302,2016,6036.0,9.06,58780.0,93100.0,15.0,3.45
48201330303,2016,4203.0,8.07,49375.0,104700.0,14.0,1.52
48201330400,2016,5143.0,20.09,36393.0,75700.0,9.0,1.32
48201330500,2016,4537.0,19.17,41068.0,63700.0,6.0,1.37
48201330600,2016,6464.0,19.22,42728.0,80600.0,28.0,4.38
48201330700,2016,8483.0,21.86,41667.0,73900.0,26.0,2.95
48201330800,2016,11288.0,11.83,63551.0,129800.0,17.0,1.92
48201330900,2016,9234.0,21.97,46358.0,106900.0,53.0,3.66
48201331100,2016,3308.0,25.1,24293.0,70300.0,24.0,2.62
48201331200,2016,2833.0,28.51,23530.0,71700.0,27.0,2.69
48201331300,2016,5571.0,26.53,31328.0,62000.0,28.0,4.3
48201331400,2016,2303.0,82.23,8843.0,89100.0,13.0,1.24
48201331500,2016,8301.0,12.8,50155.0,84800.0,46.0,7.06
48201331601,2016,6707.0,19.97,36622.0,73300.0,34.0,4.0
48201331602,2016,1933.0,32.76,28500.0,92900.0,27.0,4.12
48201331700,2016,4038.0,24.72,37750.0,60600.0,14.0,2.34
48201331800,2016,4377.0,22.28,25846.0,57100.0,49.0,7.39
48201331900,2016,2738.0,13.36,29409.0,64700.0,28.0,6.21
48201332000,2016,5450.0,44.55,20735.0,62500.0,35.0,3.53
48201332100,2016,3017.0,28.25,33810.0,56900.0,13.0,4.08
48201332200,2016,5008.0,35.03,30571.0,58500.0,21.0,4.17
48201332300,2016,2958.0,21.83,33621.0,63400.0,10.0,3.13
48201332400,2016,3896.0,24.37,31571.0,64900.0,26.0,6.9
48201332500,2016,3126.0,21.0,36603.0,67500.0,17.0,7.73
48201332600,2016,7726.0,24.6,31909.0,84800.0,42.0,4.64
48201332700,2016,2634.0,40.53,29539.0,75100.0,1.0,0.31
48201332800,2016,4766.0,32.21,26617.0,82600.0,37.0,4.14
48201332900,2016,4979.0,32.19,28915.0,77700.0,29.0,3.65
48201333000,2016,3305.0,16.87,52689.0,95000.0,13.0,5.0
48201333100,2016,3827.0,24.66,33369.0,88300.0,20.0,2.87
48201333201,2016,5129.0,29.16,27031.0,99500.0,88.0,7.92
48201333202,2016,6082.0,19.9,31734.0,110600.0,294.0,15.45
48201333300,2016,10837.0,27.36,31924.0,105900.0,88.0,3.91
48201333500,2016,6028.0,28.17,33875.0,110700.0,103.0,6.72
48201333600,2016,3698.0,8.4,68158.0,119400.0,12.0,4.35
48201333700,2016,3063.0,21.73,43094.0,101100.0,5.0,1.69
48201333800,2016,9990.0,18.38,50727.0,106900.0,22.0,2.0
48201333901,2016,9382.0,9.26,65581.0,134600.0,4.0,1.9
48201333902,2016,9084.0,15.93,49581.0,107800.0,47.0,2.73
48201334001,2016,3114.0,9.24,37399.0,77900.0,59.0,7.07
48201334002,2016,2473.0,3.39,55754.0,83800.0,19.0,1.73
48201334003,2016,6954.0,10.12,54962.0,99700.0,24.0,2.5
48201334100,2016,11662.0,17.87,47873.0,90100.0,31.0,0.97
48201340100,2016,6153.0,15.59,43294.0,138200.0,23.0,1.43
48201340201,2016,1663.0,0.0,97241.0,186600.0,0.0,0.0
48201340202,2016,4955.0,0.4,148224.0,236100.0,2.0,3.17
48201340203,2016,4791.0,4.41,95063.0,287200.0,3.0,0.73
48201340301,2016,4161.0,1.0,182750.0,421200.0,0.0,0.0
48201340302,2016,7208.0,2.54,108875.0,193400.0,3.0,1.54
48201340400,2016,1431.0,1.53,140893.0,285100.0,0.0,0.0
48201340500,2016,6992.0,9.41,46342.0,136200.0,99.0,6.3
48201340600,2016,2534.0,2.13,99535.0,160700.0,3.0,5.66
48201340700,2016,7881.0,12.49,66745.0,136200.0,1.0,0.12
48201340800,2016,5868.0,4.51,101574.0,177100.0,1.0,0.38
48201340900,2016,4848.0,8.47,44704.0,123900.0,29.0,1.75
48201341000,2016,6632.0,4.82,51681.0,121100.0,25.0,0.92
48201341100,2016,3782.0,14.54,43419.0,133900.0,35.0,2.23
48201341201,2016,4340.0,16.41,55988.0,153900.0,22.0,1.29
48201341202,2016,4963.0,7.6,65000.0,200700.0,26.0,2.25
48201341301,2016,5051.0,14.48,41721.0,133800.0,28.0,1.57
48201341302,2016,3137.0,16.85,48117.0,142600.0,13.0,0.93
48201341400,2016,5370.0,3.26,105114.0,212700.0,4.0,2.12
48201341501,2016,6788.0,3.35,92500.0,211400.0,23.0,1.84
48201341502,2016,4454.0,11.86,75938.0,220600.0,24.0,2.33
48201341600,2016,5938.0,5.58,75990.0,151400.0,10.0,2.2
48201341700,2016,2660.0,2.8,64122.0,124000.0,7.0,2.03
48201341800,2016,1770.0,7.66,74297.0,173800.0,16.0,8.25
48201342001,2016,6820.0,1.01,102552.0,183700.0,0.0,0.0
48201342002,2016,3549.0,5.76,80269.0,172700.0,1.0,0.28
48201342100,2016,3988.0,11.82,69563.0,122900.0,8.0,2.83
48201342200,2016,3687.0,10.32,54401.0,90600.0,10.0,1.08
48201342300,2016,7486.0,8.83,51292.0,95200.0,20.0,1.82
48201342400,2016,3610.0,10.02,58135.0,100100.0,9.0,1.65
48201342500,2016,6016.0,1.57,74579.0,136800.0,9.0,1.12
48201342700,2016,5062.0,8.35,67522.0,133900.0,6.0,0.98
48201342800,2016,8797.0,3.01,113545.0,176700.0,2.0,1.32
48201342900,2016,6015.0,8.99,73298.0,123000.0,0.0,0.0
48201343000,2016,8084.0,8.93,62083.0,131500.0,9.0,0.66
48201343100,2016,4605.0,8.95,74872.0,114400.0,5.0,1.08
48201343200,2016,5175.0,2.4,93631.0,141600.0,0.0,0.0
48201343301,2016,4581.0,5.35,76198.0,115900.0,2.0,0.83
48201343302,2016,5182.0,5.6,90102.0,138800.0,3.0,0.89
48201343600,2016,3384.0,8.01,49417.0,109300.0,9.0,1.7
48201343700,2016,3252.0,17.48,46140.0,79700.0,9.0,2.16
48201350100,2016,17030.0,3.5,86344.0,193500.0,18.0,2.75
48201350200,2016,9130.0,2.99,66409.0,111500.0,34.0,6.81
48201350300,2016,6612.0,3.31,76694.0,133800.0,8.0,3.62
48201350400,2016,6304.0,15.01,51722.0,111400.0,32.0,3.85
48201350500,2016,7975.0,15.22,51680.0,93000.0,62.0,7.05
48201350601,2016,4702.0,1.02,85531.0,140400.0,11.0,1.8
48201350602,2016,9112.0,1.69,93750.0,160100.0,11.0,1.4
48201350700,2016,2370.0,2.4,77206.0,133300.0,3.0,2.54
48201350801,2016,4960.0,9.33,61951.0,117600.0,34.0,3.6
48201350802,2016,7883.0,5.49,74294.0,271200.0,25.0,1.42
48201410100,2016,3912.0,18.81,54979.0,239400.0,30.0,1.65
48201410200,2016,5296.0,2.5,109122.0,351000.0,4.0,0.16
48201410300,2016,2496.0,5.52,76815.0,325200.0,7.0,0.68
48201410401,2016,4015.0,1.58,94025.0,426000.0,7.0,0.58
48201410402,2016,2815.0,3.25,98152.0,401000.0,4.0,0.45
48201410500,2016,4385.0,1.62,91847.0,333300.0,8.0,0.49
48201410600,2016,3485.0,3.48,95861.0,193900.0,17.0,0.79
48201410701,2016,4303.0,0.0,60560.0,345000.0,15.0,0.92
48201410702,2016,2911.0,9.27,37103.0,352200.0,21.0,1.47
48201410800,2016,3663.0,3.02,48611.0,434500.0,6.0,0.32
48201410900,2016,2637.0,11.93,63854.0,412500.0,5.0,0.39
48201411000,2016,4855.0,1.09,89085.0,425000.0,14.0,0.55
48201411100,2016,3803.0,2.92,117937.0,1043700.0,2.0,0.34
48201411200,2016,1823.0,2.24,236875.0,2000001.0,0.0,0.0
48201411300,2016,3659.0,8.89,77375.0,378000.0,21.0,1.08
48201411400,2016,2805.0,0.0,188869.0,1115300.0,0.0,0.0
48201411501,2016,5764.0,0.0,96568.0,426400.0,18.0,0.53
48201411502,2016,3833.0,5.52,81919.0,250400.0,3.0,0.13
48201411600,2016,2422.0,0.0,141792.0,668800.0,3.0,0.82
48201411700,2016,2797.0,4.58,62398.0,95200.0,12.0,0.65
48201411800,2016,4590.0,3.57,70263.0,481800.0,10.0,0.4
48201411900,2016,3558.0,0.0,111449.0,621900.0,4.0,0.33
48201412000,2016,3388.0,0.0,161500.0,840200.0,6.0,1.27
48201412200,2016,5612.0,0.92,140745.0,626300.0,3.0,0.27
48201412300,2016,6977.0,2.06,195610.0,828900.0,1.0,0.39
48201412400,2016,4484.0,0.6,208224.0,983500.0,0.0,0.0
48201412500,2016,1762.0,6.58,152292.0,1096600.0,1.0,0.32
48201412600,2016,4049.0,1.55,214167.0,804200.0,0.0,0.0
48201412700,2016,3274.0,3.55,114079.0,522800.0,1.0,0.26
48201412800,2016,5509.0,0.65,168375.0,687800.0,0.0,0.0
48201412900,2016,4574.0,1.78,53260.0,263300.0,5.0,0.31
48201413000,2016,3834.0,0.0,106554.0,574700.0,7.0,0.8
48201413100,2016,3431.0,2.42,187257.0,632900.0,1.0,0.57
48201413201,2016,2740.0,9.13,48715.0,618800.0,4.0,0.26
48201413202,2016,3108.0,6.96,58895.0,152000.0,9.0,0.6
48201413300,2016,7376.0,5.19,85357.0,339900.0,18.0,1.06
48201420100,2016,3132.0,22.93,31724.0,225900.0,10.0,0.85
48201420200,2016,2821.0,3.3,59194.0,152900.0,3.0,0.55
48201420300,2016,3503.0,3.18,73643.0,312700.0,2.0,0.29
48201420400,2016,3352.0,5.7,78750.0,218100.0,4.0,1.02
48201420500,2016,3710.0,40.62,24432.0,83200.0,12.0,1.07
48201420600,2016,2262.0,7.46,86875.0,212300.0,1.0,0.29
48201420700,2016,3214.0,0.74,129779.0,370000.0,0.0,0.0
48201420800,2016,2356.0,2.77,131667.0,390700.0,0.0,0.0
48201420900,2016,6472.0,0.0,204464.0,826200.0,4.0,1.8
48201421000,2016,2640.0,0.64,168929.0,595300.0,0.0,0.0
48201421101,2016,3265.0,33.84,40872.0,165100.0,36.0,2.27
48201421300,2016,6847.0,49.37,25226.0,59700.0,29.0,1.34
48201421401,2016,3646.0,38.81,21854.0,21900.0,2.0,0.17
48201421403,2016,3829.0,43.67,23041.0,117100.0,3.0,0.3
48201421600,2016,7147.0,46.4,24076.0,779900.0,19.0,0.98
48201421700,2016,4597.0,14.1,53902.0,263800.0,0.0,0.0
48201421800,2016,5405.0,8.79,40833.0,296400.0,40.0,2.01
48201421900,2016,2677.0,5.57,118333.0,280100.0,0.0,0.0
48201422000,2016,2768.0,3.82,106802.0,224300.0,0.0,0.0
48201422100,2016,5076.0,10.34,53883.0,149800.0,5.0,1.1
48201422200,2016,4965.0,31.73,25822.0,97100.0,113.0,5.92
48201422301,2016,8082.0,50.26,29680.0,82600.0,88.0,4.23
48201422302,2016,2504.0,21.25,46375.0,118600.0,5.0,1.45
48201422401,2016,4304.0,20.46,35931.0,100500.0,18.0,1.23
48201422402,2016,5729.0,22.74,38571.0,168100.0,5.0,0.39
48201422500,2016,7370.0,31.6,36320.0,238300.0,19.0,1.28
48201422600,2016,6933.0,16.9,55363.0,135700.0,4.0,0.34
48201422701,2016,5099.0,33.6,37516.0,103800.0,5.0,0.64
48201422702,2016,3135.0,6.77,52865.0,100600.0,2.0,0.75
48201422800,2016,4082.0,27.62,36012.0,110600.0,17.0,1.87
48201422900,2016,4585.0,31.4,29784.0,81600.0,34.0,2.49
48201423000,2016,5389.0,38.02,22804.0,130500.0,10.0,0.66
48201423100,2016,2626.0,46.11,21351.0,33300.0,15.0,1.53
48201423201,2016,3675.0,12.13,58438.0,114100.0,4.0,1.61
48201423202,2016,8666.0,31.56,32784.0,97900.0,71.0,3.0
48201423301,2016,4583.0,25.16,46941.0,182600.0,21.0,2.51
48201423302,2016,5356.0,23.94,42560.0,153600.0,32.0,2.11
48201423401,2016,5896.0,16.67,48063.0,158900.0,15.0,1.58
48201423402,2016,4602.0,4.84,60240.0,115800.0,22.0,5.08
48201423500,2016,2015.0,6.45,75500.0,145400.0,0.0,0.0
48201423600,2016,6949.0,7.68,55764.0,95500.0,37.0,6.79
48201430100,2016,6478.0,6.58,75580.0,324000.0,2.0,0.1
48201430200,2016,1619.0,5.84,79750.0,568500.0,1.0,0.19
48201430300,2016,4620.0,0.0,250001.0,1199400.0,0.0,0.0
48201430400,2016,3270.0,3.11,250001.0,1558200.0,0.0,0.0
48201430500,2016,2653.0,7.07,84179.0,748700.0,0.0,0.0
48201430600,2016,3842.0,1.54,236250.0,1187200.0,0.0,0.0
48201430700,2016,3099.0,0.91,70583.0,638400.0,1.0,0.11
48201430800,2016,5053.0,1.71,125781.0,627100.0,2.0,0.3
48201430900,2016,6042.0,0.85,96170.0,446700.0,0.0,0.0
48201431000,2016,5613.0,1.73,102059.0,369400.0,2.0,0.36
48201431101,2016,3276.0,24.71,52832.0,94000.0,11.0,0.69
48201431201,2016,4057.0,20.44,43932.0,390900.0,18.0,0.86
48201431202,2016,4630.0,2.53,66051.0,319400.0,8.0,0.4
48201431301,2016,5292.0,15.91,47467.0,133400.0,53.0,2.24
48201431302,2016,3982.0,3.41,97708.0,526400.0,32.0,4.23
48201431401,2016,2095.0,19.95,50153.0,110900.0,2.0,0.16
48201431402,2016,3403.0,2.01,83934.0,175000.0,1.0,0.08
48201431501,2016,3492.0,2.22,67109.0,190400.0,5.0,0.39
48201431502,2016,3528.0,1.17,127936.0,598100.0,1.0,0.11
48201431600,2016,3150.0,0.0,121442.0,955000.0,2.0,0.44
48201431700,2016,4537.0,4.7,156250.0,921500.0,3.0,0.52
48201431801,2016,3477.0,0.0,83750.0,497100.0,10.0,0.87
48201431802,2016,3826.0,0.0,77120.0,191400.0,19.0,0.91
48201431900,2016,3414.0,2.35,72639.0,287500.0,9.0,0.41
48201432001,2016,3539.0,8.28,57396.0,542700.0,5.0,0.39
48201432002,2016,4530.0,16.84,31450.0,87800.0,12.0,0.51
48201432100,2016,5737.0,11.66,52538.0,283700.0,20.0,0.96
48201432200,2016,4353.0,11.53,49026.0,172100.0,5.0,0.46
48201432300,2016,7342.0,15.95,40457.0,145200.0,36.0,1.1
48201432400,2016,5523.0,34.47,32523.0,60400.0,18.0,0.8
48201432500,2016,5732.0,37.5,30968.0,87400.0,6.0,0.37
48201432600,2016,2103.0,14.23,51620.0,319000.0,14.0,3.17
48201432701,2016,6968.0,54.15,24383.0,120800.0,4.0,0.21
48201432702,2016,3357.0,9.58,47436.0,299100.0,11.0,0.83
48201432801,2016,5168.0,34.54,32473.0,106500.0,18.0,1.16
48201432802,2016,5959.0,47.77,21832.0,45000.0,11.0,0.53
48201432901,2016,3011.0,18.5,32739.0,169800.0,9.0,0.95
48201432902,2016,6650.0,27.78,32889.0,165600.0,16.0,1.16
48201433003,2016,5679.0,34.84,24859.0,56700.0,1.0,0.06
48201433100,2016,3791.0,46.75,24368.0,81300.0,11.0,0.95
48201433201,2016,5468.0,22.63,35078.0,106800.0,39.0,3.52
48201433202,2016,4733.0,14.82,42948.0,122100.0,11.0,1.67
48201433300,2016,5265.0,18.13,47179.0,129700.0,3.0,0.64
48201433400,2016,4882.0,18.03,31153.0,107600.0,3.0,0.21
48201433502,2016,6534.0,47.09,23357.0,102500.0,60.0,2.55
48201433600,2016,4624.0,52.9,23422.0,24100.0,177.0,7.74
48201440100,2016,7221.0,5.31,48376.0,124000.0,16.0,1.07
48201450100,2016,1813.0,0.98,90875.0,306500.0,0.0,0.0
48201450200,2016,4724.0,1.19,144188.0,445100.0,0.0,0.0
48201450300,2016,7665.0,18.08,64330.0,138300.0,33.0,2.21
48201450400,2016,5300.0,11.05,70849.0,115300.0,16.0,1.16
48201450500,2016,2859.0,2.59,158208.0,371100.0,1.0,0.56
48201450600,2016,4222.0,4.39,106645.0,386100.0,3.0,0.3
48201450700,2016,7011.0,0.83,172104.0,566500.0,0.0,0.0
48201450801,2016,1868.0,0.87,47734.0,376200.0,7.0,0.65
48201450802,2016,8628.0,20.95,54966.0,270100.0,34.0,1.97
48201450900,2016,2800.0,2.36,83207.0,246100.0,7.0,1.64
48201451001,2016,5106.0,31.01,31044.0,171300.0,120.0,7.55
48201451002,2016,5589.0,19.61,42391.0,127400.0,36.0,1.66
48201451100,2016,4149.0,13.31,66550.0,169100.0,4.0,0.46
48201451200,2016,2683.0,0.78,116429.0,273100.0,0.0,0.0
48201451300,2016,6798.0,7.77,73221.0,194400.0,65.0,5.05
48201451401,2016,3362.0,6.87,58338.0,177200.0,27.0,2.54
48201451402,2016,4870.0,19.25,45213.0,151800.0,26.0,1.19
48201451403,2016,4833.0,4.45,60398.0,284100.0,21.0,1.13
48201451500,2016,4634.0,6.4,70263.0,268000.0,40.0,1.33
48201451601,2016,6627.0,7.6,78527.0,299500.0,18.0,1.89
48201451700,2016,3947.0,7.49,53665.0,117800.0,44.0,4.73
48201451800,2016,5761.0,9.81,51525.0,112200.0,23.0,2.89
48201451901,2016,7546.0,22.9,31504.0,135200.0,95.0,3.9
48201451902,2016,2623.0,3.38,106776.0,257200.0,2.0,2.82
48201452000,2016,8714.0,15.47,53723.0,148200.0,63.0,2.12
48201452100,2016,9094.0,14.69,51616.0,618500.0,56.0,1.37
48201452201,2016,4369.0,21.41,30351.0,61100.0,53.0,1.9
48201452202,2016,2457.0,26.89,42099.0,101600.0,25.0,1.63
48201452300,2016,2456.0,16.04,45117.0,100900.0,0.0,0.0
48201452400,2016,7821.0,20.04,43463.0,97700.0,24.0,1.88
48201452500,2016,8596.0,35.19,29692.0,91100.0,25.0,1.72
48201452600,2016,7970.0,38.03,37132.0,121900.0,13.0,0.98
48201452700,2016,11175.0,15.35,39040.0,126200.0,88.0,5.19
48201452801,2016,5545.0,19.78,41822.0,98500.0,4.0,0.61
48201452802,2016,5889.0,30.25,33833.0,93100.0,19.0,1.52
48201452900,2016,4436.0,22.95,41406.0,92600.0,15.0,2.7
48201453000,2016,7640.0,16.86,46003.0,98600.0,10.0,1.37
48201453100,2016,4563.0,28.43,32741.0,56400.0,4.0,0.46
48201453200,2016,7792.0,26.48,29781.0,77500.0,43.0,2.0
48201453300,2016,2742.0,31.99,23791.0,19400.0,32.0,2.7
48201453401,2016,3409.0,14.64,44005.0,96800.0,4.0,0.73
48201453402,2016,8163.0,21.32,36238.0,97900.0,20.0,1.29
48201453403,2016,3729.0,35.05,23789.0,95500.0,25.0,3.06
48201453501,2016,6369.0,18.87,41699.0,104400.0,17.0,1.49
48201453502,2016,3580.0,9.73,46153.0,105100.0,14.0,3.66
48201453601,2016,2206.0,18.04,29899.0,106100.0,14.0,4.18
48201453602,2016,8356.0,19.95,32703.0,89500.0,16.0,1.45
48201453700,2016,7982.0,15.63,41861.0,88800.0,32.0,2.65
48201453800,2016,3724.0,17.25,57887.0,102200.0,4.0,1.08
48201453900,2016,10116.0,16.8,43226.0,111000.0,8.0,0.69
48201454000,2016,5084.0,9.69,63021.0,120600.0,8.0,3.17
48201454100,2016,3803.0,1.48,57188.0,129500.0,7.0,1.76
48201454200,2016,4478.0,8.07,67615.0,98800.0,5.0,1.99
48201454301,2016,11856.0,10.67,49541.0,121000.0,61.0,1.89
48201454302,2016,6684.0,6.02,50974.0,104000.0,14.0,2.12
48201454501,2016,8489.0,1.3,180565.0,338800.0,5.0,2.58
48201454502,2016,2532.0,5.05,147462.0,386100.0,0.0,0.0
48201454600,2016,4969.0,5.97,66750.0,198900.0,21.0,1.09
48201454700,2016,6848.0,0.66,114284.0,238900.0,7.0,1.83
48201454800,2016,7633.0,7.34,61875.0,136300.0,23.0,1.76
48201454900,2016,11590.0,2.59,103563.0,192700.0,8.0,1.09
48201455000,2016,2930.0,0.0,79265.0,287500.0,4.0,0.87
48201455101,2016,7129.0,6.51,71346.0,122800.0,8.0,1.12
48201455102,2016,3641.0,6.57,105746.0,150100.0,4.0,3.45
48201455200,2016,4484.0,3.34,67943.0,125000.0,4.0,1.49
48201455300,2016,4312.0,5.88,57054.0,184100.0,38.0,2.39
48201510100,2016,2508.0,7.8,90069.0,287200.0,2.0,0.26
48201510200,2016,5950.0,12.73,92564.0,330400.0,10.0,0.31
48201510300,2016,5437.0,1.35,91518.0,398900.0,4.0,0.35
48201510400,2016,3531.0,11.21,78966.0,396600.0,6.0,0.47
48201510500,2016,3212.0,6.4,82446.0,364200.0,4.0,0.48
48201510600,2016,4636.0,3.09,113750.0,323400.0,14.0,1.18
48201510700,2016,3728.0,2.46,105806.0,357700.0,2.0,0.13
48201510800,2016,7550.0,2.5,140607.0,393700.0,16.0,0.86
48201510900,2016,6935.0,19.61,110434.0,317300.0,7.0,0.4
48201511001,2016,2672.0,0.0,73889.0,338500.0,6.0,0.79
48201511002,2016,4086.0,9.33,67446.0,326000.0,13.0,0.9
48201511100,2016,3240.0,9.95,83580.0,312900.0,1.0,0.11
48201511200,2016,5128.0,5.83,88040.0,331500.0,2.0,0.18
48201511301,2016,3651.0,3.66,93723.0,328800.0,0.0,0.0
48201511302,2016,3933.0,9.43,73378.0,431800.0,7.0,0.68
48201511400,2016,3277.0,9.46,75865.0,310600.0,1.0,0.16
48201511500,2016,6482.0,7.82,87159.0,293700.0,10.0,0.61
48201511600,2016,4012.0,22.49,48091.0,208800.0,31.0,3.3
48201520100,2016,2222.0,4.69,76023.0,144400.0,4.0,1.04
48201520200,2016,3918.0,12.58,78229.0,459900.0,17.0,2.91
48201520300,2016,4895.0,19.22,37138.0,221200.0,9.0,0.61
48201520400,2016,3011.0,33.74,29877.0,130000.0,30.0,3.61
48201520500,2016,8985.0,35.37,29044.0,89600.0,36.0,2.28
48201520601,2016,2543.0,43.22,32155.0,111200.0,3.0,0.49
48201520602,2016,6060.0,39.05,26926.0,113700.0,12.0,0.97
48201520700,2016,4226.0,13.52,70139.0,366300.0,3.0,0.47
48201521000,2016,1815.0,22.63,38906.0,391500.0,37.0,7.69
48201521100,2016,2302.0,39.38,32331.0,249100.0,0.0,0.0
48201521200,2016,6617.0,34.6,31516.0,120500.0,27.0,1.6
48201521300,2016,6009.0,26.52,39943.0,130300.0,9.0,0.85
48201521400,2016,7403.0,38.39,33227.0,98000.0,26.0,1.52
48201521500,2016,6009.0,18.48,57475.0,135300.0,10.0,1.2
48201521600,2016,3671.0,11.57,47115.0,110900.0,10.0,3.24
48201521700,2016,6724.0,40.15,26214.0,111600.0,87.0,3.24
48201521800,2016,5102.0,11.42,49120.0,108200.0,8.0,1.33
48201521900,2016,7187.0,11.3,64668.0,159600.0,31.0,3.38
48201522000,2016,4590.0,22.68,40059.0,152800.0,11.0,0.89
48201522100,2016,7738.0,17.08,47332.0,181500.0,75.0,4.53
48201522201,2016,4404.0,23.31,48464.0,138400.0,11.0,1.72
48201522202,2016,4207.0,42.28,33906.0,165200.0,8.0,1.16
48201522301,2016,4070.0,18.92,43236.0,225000.0,4.0,0.37
48201522302,2016,3991.0,13.67,55040.0,181000.0,7.0,0.58
48201522401,2016,5775.0,17.36,57649.0,160300.0,9.0,1.12
48201522402,2016,3646.0,22.3,56468.0,167700.0,3.0,0.57
48201522500,2016,4758.0,0.66,173980.0,619000.0,0.0,0.0
48201530100,2016,6692.0,28.68,33059.0,142100.0,43.0,2.18
48201530200,2016,3986.0,3.24,81964.0,263100.0,3.0,0.64
48201530300,2016,2514.0,23.55,30000.0,76000.0,15.0,2.56
48201530400,2016,2696.0,26.74,19681.0,70700.0,11.0,2.08
48201530500,2016,4693.0,26.69,34161.0,80100.0,37.0,3.97
48201530600,2016,3855.0,50.73,26250.0,91400.0,60.0,7.35
48201530700,2016,5708.0,41.14,26514.0,84400.0,53.0,4.36
48201530800,2016,3866.0,22.03,32946.0,110200.0,19.0,2.97
48201530900,2016,4431.0,8.91,56531.0,314000.0,38.0,6.51
48201531000,2016,3481.0,5.45,101944.0,323800.0,2.0,0.42
48201531100,2016,2655.0,6.18,94318.0,257400.0,1.0,0.25
48201531200,2016,3198.0,11.81,63153.0,251600.0,15.0,2.71
48201531300,2016,5975.0,21.73,39082.0,156600.0,38.0,2.43
48201531400,2016,1988.0,12.23,64375.0,140100.0,12.0,4.55
48201531500,2016,2976.0,4.59,69688.0,147400.0,17.0,4.06
48201531600,2016,3080.0,6.36,70714.0,243400.0,2.0,0.65
48201531700,2016,3152.0,4.16,90608.0,267600.0,0.0,0.0
48201531800,2016,2037.0,24.95,34018.0,86000.0,18.0,4.28
48201531900,2016,4550.0,28.53,33750.0,76900.0,23.0,3.55
48201532001,2016,5409.0,24.02,28274.0,118000.0,95.0,5.18
48201532002,2016,1053.0,0.65,70577.0,150800.0,0.0,0.0
48201532100,2016,6845.0,36.5,29771.0,132800.0,92.0,5.55
48201532200,2016,3199.0,32.96,34639.0,82200.0,45.0,5.64
48201532300,2016,6325.0,12.9,39613.0,151900.0,93.0,3.96
48201532400,2016,6602.0,11.89,58763.0,113400.0,18.0,3.36
48201532501,2016,9239.0,6.58,55941.0,108900.0,4.0,0.93
48201532502,2016,5666.0,15.77,44760.0,86500.0,10.0,2.53
48201532600,2016,6699.0,18.54,39630.0,102300.0,29.0,2.99
48201532700,2016,5939.0,23.33,44514.0,117100.0,51.0,7.67
48201532800,2016,1692.0,15.13,44722.0,104400.0,13.0,6.63
48201532900,2016,5284.0,15.19,48533.0,93500.0,37.0,7.21
48201533000,2016,2853.0,37.41,29353.0,59800.0,65.0,9.94
48201533100,2016,6832.0,17.29,50460.0,93200.0,33.0,3.77
48201533200,2016,3552.0,16.69,49547.0,128600.0,28.0,3.56
48201533300,2016,6452.0,37.23,25111.0,72900.0,35.0,2.96
48201533400,2016,11494.0,21.84,40456.0,86500.0,60.0,5.61
48201533500,2016,4260.0,14.67,41589.0,96200.0,5.0,2.22
48201533600,2016,5471.0,23.87,38422.0,130100.0,15.0,1.04
48201533701,2016,5826.0,36.23,31341.0,91500.0,27.0,2.29
48201533702,2016,3556.0,14.84,44792.0,78600.0,2.0,0.85
48201533801,2016,9665.0,22.31,46086.0,91500.0,28.0,4.75
48201533802,2016,6651.0,28.4,48091.0,92500.0,12.0,1.98
48201533901,2016,10313.0,23.92,52924.0,93500.0,23.0,3.58
48201533902,2016,4606.0,36.96,23184.0,95100.0,19.0,1.54
48201534001,2016,3054.0,31.01,28472.0,93800.0,15.0,1.94
48201534002,2016,5705.0,10.53,47445.0,87200.0,16.0,3.47
48201534003,2016,2623.0,15.53,60583.0,104500.0,3.0,1.06
48201534100,2016,8244.0,19.39,49898.0,99900.0,13.0,3.54
48201534201,2016,2556.0,27.93,53919.0,89700.0,3.0,0.44
48201534202,2016,8920.0,3.56,64091.0,148900.0,11.0,0.93
48201540100,2016,12172.0,3.9,129000.0,279800.0,10.0,1.13
48201540200,2016,3145.0,9.91,51250.0,109100.0,4.0,0.83
48201540501,2016,6424.0,17.68,38704.0,122900.0,49.0,2.48
48201540502,2016,5016.0,7.5,72405.0,121400.0,8.0,2.81
48201540601,2016,4347.0,8.66,72226.0,140700.0,11.0,5.5
48201540602,2016,7219.0,14.02,48690.0,126800.0,7.0,0.69
48201540700,2016,7413.0,9.31,79527.0,132800.0,4.0,1.17
48201540800,2016,8010.0,9.1,50718.0,101200.0,4.0,0.35
48201540901,2016,2371.0,5.97,99569.0,211400.0,11.0,3.11
48201540902,2016,7525.0,5.97,62651.0,177400.0,43.0,2.47
48201541001,2016,10998.0,13.07,60472.0,160700.0,74.0,3.15
48201541002,2016,8661.0,4.7,99275.0,182600.0,4.0,1.33
48201541003,2016,14565.0,6.8,110183.0,177700.0,30.0,3.58
48201541100,2016,7030.0,6.9,87212.0,157300.0,5.0,2.07
48201541201,2016,8208.0,2.99,116544.0,188300.0,13.0,2.34
48201541202,2016,9394.0,13.11,70625.0,142500.0,14.0,2.22
48201541203,2016,2536.0,0.0,116694.0,189800.0,2.0,2.63
48201541300,2016,12545.0,11.3,52104.0,113800.0,27.0,1.93
48201541400,2016,16250.0,9.39,70896.0,119100.0,28.0,1.98
48201541500,2016,5262.0,8.49,69912.0,121200.0,14.0,5.05
48201541601,2016,5415.0,6.48,91307.0,177600.0,2.0,1.05
48201541602,2016,9937.0,12.17,56356.0,115100.0,11.0,1.13
48201541700,2016,11144.0,10.86,59142.0,140600.0,46.0,1.78
48201541800,2016,5931.0,12.27,57886.0,105100.0,17.0,1.1
48201541900,2016,6843.0,1.03,92586.0,170200.0,7.0,1.25
48201542000,2016,14910.0,5.87,68783.0,131400.0,46.0,5.13
48201542101,2016,20194.0,17.29,65607.0,120600.0,62.0,4.23
48201542102,2016,16487.0,18.32,67696.0,110300.0,34.0,3.44
48201542200,2016,19203.0,9.03,76645.0,123100.0,32.0,2.99
48201542301,2016,13963.0,11.7,75913.0,126500.0,18.0,3.33
48201542302,2016,7758.0,3.57,62240.0,137400.0,5.0,0.52
48201542400,2016,10528.0,11.17,55595.0,102300.0,28.0,1.35
48201542500,2016,2707.0,3.26,78942.0,167400.0,9.0,4.86
48201542600,2016,4835.0,0.79,103561.0,165700.0,3.0,1.05
48201542700,2016,4731.0,4.85,64183.0,130300.0,6.0,1.34
48201542800,2016,7362.0,4.88,77311.0,156300.0,20.0,4.14
48201542900,2016,13428.0,8.17,70696.0,124800.0,21.0,2.07
48201543001,2016,10848.0,2.59,118217.0,230000.0,10.0,2.98
48201543002,2016,14952.0,2.45,113944.0,259800.0,25.0,2.38
48201543003,2016,19461.0,7.69,67933.0,136000.0,30.0,2.42
48201543100,2016,2985.0,14.63,69032.0,134500.0,0.0,0.0
48201543200,2016,6325.0,16.77,59116.0,191600.0,23.0,1.49
48201550100,2016,5244.0,46.25,23988.0,28000.0,97.0,6.15
48201550200,2016,4089.0,34.39,25229.0,108500.0,212.0,14.3
48201550302,2016,10688.0,23.52,40964.0,111100.0,165.0,4.77
48201550401,2016,12973.0,31.8,34189.0,113200.0,200.0,8.04
48201550402,2016,10592.0,15.85,60175.0,135300.0,180.0,11.67
48201550500,2016,5640.0,14.93,39295.0,99400.0,33.0,3.79
48201550601,2016,7207.0,7.93,59848.0,96100.0,22.0,5.47
48201550602,2016,2865.0,12.09,44053.0,87200.0,17.0,9.77
48201550603,2016,5583.0,13.0,53274.0,92900.0,17.0,2.04
48201550700,2016,3112.0,12.71,63882.0,100700.0,8.0,4.02
48201550800,2016,3958.0,24.39,42132.0,94100.0,5.0,1.15
48201550900,2016,9267.0,16.13,52083.0,96400.0,25.0,3.25
48201551000,2016,3365.0,20.31,41731.0,86300.0,14.0,4.28
48201551100,2016,10609.0,24.84,33780.0,122500.0,81.0,4.32
48201551200,2016,6709.0,10.56,56450.0,139300.0,40.0,3.51
48201551300,2016,3995.0,3.32,83674.0,131600.0,4.0,2.12
48201551400,2016,5369.0,1.26,64821.0,154400.0,21.0,2.31
48201551500,2016,8387.0,9.97,59349.0,126100.0,28.0,1.72
48201551600,2016,8906.0,11.01,52784.0,109000.0,26.0,2.48
48201551701,2016,8380.0,3.24,73405.0,146900.0,14.0,1.09
48201551702,2016,4166.0,1.35,126932.0,216400.0,1.0,2.78
48201551703,2016,7253.0,2.49,66176.0,125800.0,23.0,1.6
48201551800,2016,4604.0,0.97,98582.0,198400.0,0.0,0.0
48201552001,2016,9468.0,13.34,56440.0,134200.0,49.0,2.71
48201552002,2016,1747.0,3.12,62056.0,180900.0,8.0,2.68
48201552101,2016,3823.0,7.04,62091.0,154900.0,15.0,1.81
48201552102,2016,6221.0,0.0,90554.0,156300.0,11.0,3.1
48201552103,2016,3214.0,6.99,66797.0,116500.0,5.0,2.42
48201552200,2016,6304.0,16.48,51315.0,117300.0,17.0,1.37
48201552301,2016,3936.0,2.9,73750.0,158500.0,10.0,2.66
48201552302,2016,5044.0,10.32,44728.0,150800.0,27.0,1.9
48201552400,2016,7318.0,7.26,49918.0,144100.0,26.0,2.08
48201552500,2016,11028.0,9.15,69566.0,132900.0,27.0,2.0
48201552601,2016,5309.0,20.51,45750.0,139100.0,29.0,1.79
48201552602,2016,6722.0,6.71,70419.0,166500.0,19.0,1.27
48201552700,2016,8326.0,6.79,57456.0,160800.0,25.0,0.81
48201552800,2016,9108.0,3.99,71568.0,222900.0,42.0,2.23
48201552900,2016,7444.0,8.97,60560.0,177900.0,54.0,3.74
48201553001,2016,5711.0,4.37,72004.0,156600.0,20.0,3.57
48201553002,2016,4732.0,5.31,90234.0,194200.0,9.0,1.73
48201553100,2016,5825.0,9.21,61172.0,158800.0,101.0,9.56
48201553200,2016,6001.0,13.56,37763.0,141000.0,156.0,8.23
48201553401,2016,3988.0,0.88,102582.0,170500.0,1.0,1.02
48201553402,2016,7452.0,5.04,99910.0,173300.0,17.0,3.14
48201553403,2016,6475.0,1.96,85495.0,213700.0,4.0,0.97
48201553500,2016,6334.0,4.44,77763.0,130000.0,11.0,2.29
48201553600,2016,6955.0,3.44,68388.0,185500.0,17.0,1.35
48201553700,2016,3989.0,5.94,71618.0,199700.0,12.0,2.47
48201553801,2016,2743.0,3.31,126071.0,287000.0,2.0,1.94
48201553802,2016,8194.0,10.09,68090.0,151500.0,33.0,2.66
48201553900,2016,8213.0,2.1,136931.0,253200.0,5.0,2.49
48201554001,2016,3875.0,6.02,82422.0,192100.0,19.0,2.31
48201554002,2016,4660.0,5.39,141597.0,296200.0,3.0,4.41
48201554101,2016,1358.0,2.61,125982.0,222900.0,1.0,3.7
48201554102,2016,10258.0,1.99,89952.0,146600.0,10.0,2.48
48201554200,2016,8495.0,6.97,83095.0,120700.0,20.0,1.23
48201554301,2016,7096.0,0.0,102708.0,178800.0,2.0,1.47
48201554302,2016,4760.0,8.04,75403.0,227300.0,25.0,3.74
48201554401,2016,15344.0,0.7,125448.0,269200.0,5.0,0.93
48201554402,2016,13651.0,3.29,107990.0,197500.0,10.0,2.65
48201554403,2016,10272.0,1.33,81489.0,157300.0,12.0,1.41
48201554501,2016,6367.0,2.1,120714.0,287200.0,1.0,0.64
48201554502,2016,6593.0,0.85,134875.0,230300.0,6.0,4.17
48201554600,2016,4557.0,1.48,135823.0,206900.0,1.0,1.01
48201554700,2016,8016.0,0.97,98654.0,202300.0,7.0,0.88
48201554801,2016,16880.0,6.38,80526.0,137100.0,21.0,2.03
48201554802,2016,16666.0,8.39,105128.0,226400.0,80.0,8.26
48201554901,2016,8937.0,5.4,80192.0,141800.0,24.0,4.75
48201554902,2016,7223.0,0.45,104025.0,212600.0,5.0,1.96
48201554903,2016,11329.0,0.7,100847.0,209000.0,4.0,1.21
48201555000,2016,7555.0,3.83,80524.0,122100.0,7.0,1.51
48201555100,2016,9081.0,6.84,73604.0,135100.0,8.0,1.86
48201555200,2016,6923.0,6.34,64335.0,117900.0,13.0,2.11
48201555301,2016,797.0,7.63,134773.0,415600.0,0.0,0.0
48201555302,2016,16059.0,2.95,124188.0,302100.0,32.0,6.37
48201555303,2016,5722.0,3.66,90000.0,193100.0,4.0,0.64
48201555401,2016,2889.0,11.52,51905.0,196800.0,9.0,2.3
48201555402,2016,7822.0,16.33,43627.0,166900.0,25.0,1.14
48201555501,2016,4841.0,5.63,88063.0,254000.0,6.0,1.03
48201555502,2016,20758.0,8.88,98412.0,217800.0,18.0,1.39
48201555600,2016,5418.0,9.67,86619.0,277000.0,4.0,2.06
48201555701,2016,8328.0,0.91,111453.0,170200.0,8.0,4.85
48201555702,2016,11156.0,2.64,128285.0,223700.0,8.0,4.57
48201556000,2016,7589.0,12.4,59780.0,106300.0,13.0,1.88
