FIPS,Socioeconomic,Housing - Disability,Minority Status - Language,Housing - Transportation,SVI INDEX
48201210400,0.9354,0.9624,0.9392,0.9257,0.9873
48201210500,0.9722,0.7933,0.9263,0.9301,0.9754
48201210600,0.4276,0.512,0.7461,0.2809,0.4706
48201210700,0.9599,0.7689,0.9474,0.4809,0.8679
48201210800,0.9267,0.7124,0.8986,0.778,0.9056
48201210900,0.8721,0.8555,0.8058,0.2284,0.7334
48201211000,0.915,0.6158,0.9409,0.5767,0.8403
48201211100,0.9739,0.9331,0.8993,0.4216,0.8944
48201211200,0.7736,0.6579999999999999,0.9124,0.6849,0.8113
48201211300,0.9724,0.9559,0.8599,0.8114,0.971
48201211400,0.8811,0.9291,0.7734,0.7298,0.9021
48201211500,0.8728,0.5064,0.983,0.6878,0.8459
48201211600,0.8782,0.6835,0.946,0.5511,0.8324
48201211700,0.9497,0.7567,0.9365,0.8165,0.9392
48201211900,0.9384,0.7396,0.9669,0.4788,0.8564
48201212300,0.9839,0.9594,0.9378,0.9411,0.9954
48201212400,0.8496,0.544,0.9719,0.6542,0.8271
48201212500,0.8170000000000001,0.8107,0.9485,0.3329,0.7701
48201220100,0.9467,0.8896,0.9587,0.5214,0.9012
48201220200,0.6607,0.28300000000000003,0.8859999999999999,0.2286,0.5361
48201220300,0.7642,0.2878,0.9275,0.361,0.6372
48201220400,0.9002,0.794,0.9552,0.7246,0.9071
48201220500,0.8726,0.6371,0.8881,0.99,0.9597
48201220600,0.8051,0.5248,0.9657,0.5652,0.7787
48201220700,0.9906,0.8446,0.9462,0.8636,0.977
48201220800,0.9977,0.8302,0.9347,0.66,0.9453
48201220900,0.8818,0.6672,0.9746,0.5959,0.8486
48201221000,0.877,0.725,0.9191,0.7164,0.8741
48201221100,0.9641,0.3014,0.9204,0.5122,0.7833
48201221200,0.6883,0.5377,0.9548,0.3583,0.6614
48201221300,0.7754,0.2978,0.9608,0.4034,0.6702
48201221400,0.9325,0.3669,0.9487,0.8664,0.8902
48201221500,0.9534,0.5068,0.9778,0.9898,0.9781
48201221600,0.8262,0.6302,0.9416,0.4546,0.7683
48201221700,0.8164,0.4913,0.9445,0.3466,0.7052
48201221800,0.8166,0.54,0.955,0.6613,0.8106
48201221900,0.8628,0.7814,0.9585,0.6504,0.8712
48201222100,0.9618,0.6279,0.8869,0.8741,0.9307
48201222200,0.94,0.3167,0.9577,0.7252,0.8409
48201222300,0.9204,0.3129,0.9122,0.7862,0.8399
48201222401,0.7171,0.4438,0.9476,0.8444,0.8098
48201222402,0.9495,0.3158,0.9323,0.5496,0.7929
48201222501,0.7949,0.5685,0.987,0.8718,0.8839
48201222502,0.9238,0.4623,0.9321,0.7534,0.8647
48201222503,0.9772,0.5861,0.9659,0.9751,0.9785
48201222600,0.9561,0.5315,0.9855,0.6891,0.8875
48201222700,0.9616,0.9174,0.7495,0.7317,0.9228
48201222800,0.8849,0.6039,0.9273,0.659,0.843
48201222900,0.7974,0.4627,0.9726,0.493,0.7472
48201223001,0.8187,0.5164,0.9723,0.522,0.7726
48201223002,0.8322,0.7429,0.9966,0.8221,0.9121
48201223100,0.785,0.7432,0.7966,0.5438,0.7656
48201230100,0.8249,0.6164,0.8106,0.7521,0.8225
48201230200,0.8703,0.9259999999999999,0.7874,0.9029,0.9478
48201230300,0.8862,0.8444,0.8316,0.4032,0.8042
48201230400,0.8389,0.5141,0.9085,0.4932,0.757
48201230500,0.8887,0.7164,0.9214,0.7287,0.8827
48201230600,0.9542,0.9647,0.8664,0.1422,0.8004
48201230700,0.9029,0.9705,0.8138,0.8488,0.9578
48201230800,0.8059,0.862,0.8712,0.4375,0.7952
48201230900,0.9187,0.8933,0.7455,0.6233,0.8708
48201231000,0.8277,0.7032,0.8031,0.8561,0.8704
48201231100,0.9235,0.6015,0.8791,0.6724,0.8534
48201231200,0.9121,0.8916,0.8088,0.9002,0.9514
48201231300,0.8439,0.8469,0.7179,0.7001,0.8440000000000001
48201231400,0.7796,0.9523,0.6676,0.2738,0.7125
48201231500,0.8751,0.9897,0.7172,0.8129,0.9434
48201231600,0.7232,0.5698,0.7354,0.3708,0.6334
48201231700,0.8331,0.5089,0.9711,0.4826,0.7647
48201231800,0.8312,0.7913,0.8595,0.8033,0.8869
48201231900,0.7917,0.8013,0.6764,0.3412,0.6929
48201232000,0.6829,0.6062,0.8905,0.3729,0.6597
48201232100,0.7905,0.5562,0.9715,0.9516,0.9111
48201232200,0.2758,0.2359,0.7,0.5189,0.4046
48201232301,0.882,0.7457,0.8142,0.6926,0.8557
48201232302,0.6992,0.3807,0.8456,0.3738,0.6152
48201232401,0.7688,0.4487,0.7889,0.4907,0.6856
48201232402,0.8034,0.7011,0.8617,0.4137,0.7426
48201232403,0.8247,0.6331,0.8894,0.6133,0.8029
48201232600,0.769,0.4489,0.8463,0.0958,0.5445
48201232701,0.8836,0.3733,0.9797,0.9987,0.9645
48201232702,0.9146,0.7178,0.9355,0.8542,0.9276
48201232800,0.5622,0.5539,0.7099,0.3496,0.552
48201232900,0.6426,0.3016,0.7269,0.8737,0.7017
48201233001,0.7307,0.7172,0.6759,0.6331,0.7274
48201233002,0.4941,0.2594,0.7044,0.0288,0.2635
48201233003,0.4157,0.3598,0.6634,0.0472,0.271
48201233101,0.9417,0.6773,0.8452,0.9246,0.9405
48201233102,0.977,0.5746,0.9267,0.8188,0.9221
48201233103,0.9735,0.5815,0.9508,0.9129,0.9522
48201233200,0.7138,0.6752,0.7935,0.2121,0.6098
48201233300,0.8396,0.6785,0.9558,0.7611,0.8714
48201233400,0.8494,0.4737,0.8976,0.5936,0.7783
48201233500,0.966,0.3487,0.9022,0.904,0.9073
48201233600,0.7529,0.6708,0.9258,0.5820000000000001,0.7752
48201233701,0.7343,0.6016,0.8794,0.2228,0.629
48201233702,0.8661,0.4108,0.9026,0.5204,0.7555
48201233703,0.8799,0.6352,0.885,0.2512,0.7113
48201240100,0.7713,0.4325,0.9147,0.8426,0.8226
48201240400,0.6202,0.5292,0.7907,0.4337,0.6142
48201240501,0.9004,0.4595,0.9707,0.4903,0.79
48201240502,0.9858,0.84,0.9633,0.6369,0.9367
48201240600,0.9167,0.4752,0.9765,0.5402,0.818
48201240701,0.5962,0.479,0.8102,0.3665,0.5814
48201240702,0.6812,0.5597,0.8511,0.3354,0.6294
48201240801,0.6979,0.6632,0.7644,0.5087,0.6923
48201240802,0.6309,0.8988,0.7047,0.5082,0.7046
48201240901,0.4341,0.2497,0.5547,0.5289,0.4424
48201240902,0.521,0.5352,0.6263,0.1802,0.4405
48201241000,0.3812,0.6789,0.4885,0.1449,0.3511
48201241101,0.4424,0.7737,0.49200000000000005,0.3007,0.4733
48201241102,0.5701,0.439,0.536,0.1188,0.3775
48201241103,0.4922,0.4541,0.505,0.6759,0.5543
48201241200,0.475,0.6327,0.5716,0.1253,0.3937
48201241300,0.1498,0.2106,0.4546,0.1902,0.1789
48201241400,0.2916,0.2935,0.3571,0.2777,0.2631
48201241500,0.8203,0.622,0.8094,0.9981,0.9520000000000001
48201250100,0.5458,0.5114,0.6244,0.5201,0.5681
48201250200,0.6014,0.7839,0.8215,0.5176,0.6916
48201250302,0.1851,0.3432,0.4945,0.1466,0.2111
48201250401,0.2026,0.4371,0.3982,0.0735,0.1733
48201250402,0.0779,0.2554,0.3173,0.1192,0.1069
48201250500,0.3286,0.5752,0.2838,0.2911,0.3215
48201250600,0.7802,0.8251,0.774,0.8434,0.8687
48201250701,0.306,0.4135,0.243,0.3805,0.3017
48201250702,0.2753,0.3117,0.2248,0.0129,0.0804
48201250800,0.1022,0.3137,0.0668,0.0297,0.0399
48201250900,0.038,0.256,0.0432,0.5813,0.1701
48201251000,0.2914,0.2238,0.2893,0.4414,0.28
48201251100,0.2519,0.3322,0.0848,0.1909,0.1739
48201251200,0.5141,0.3629,0.28800000000000003,0.1334,0.2916
48201251300,0.1092,0.1692,0.0325,0.1194,0.0557
48201251401,0.0159,0.0567,0.1854,0.071,0.0157
48201251402,0.0813,0.32799999999999996,0.2017,0.2504,0.1518
48201251501,0.0572,0.1412,0.1521,0.018000000000000002,0.0136
48201251502,0.0748,0.3474,0.1039,0.0403,0.048
48201251503,0.1049,0.2941,0.0811,0.0743,0.0626
48201251600,0.1007,0.2901,0.0742,0.3124,0.1449
48201251700,0.2429,0.8318,0.2373,0.4395,0.3789
48201251800,0.3027,0.3397,0.3398,0.3454,0.2962
48201251901,0.2973,0.3537,0.2235,0.1357,0.1988
48201251902,0.3067,0.4468,0.1253,0.1103,0.1883
48201252000,0.1945,0.2558,0.4723,0.2527,0.2276
48201252100,0.4161,0.3974,0.5489999999999999,0.2092,0.3555
48201252200,0.4974,0.1906,0.7549,0.8359,0.6046
48201252301,0.5983,0.5777,0.7392,0.2855,0.5582
48201252302,0.6582,0.2569,0.7933,0.4041,0.5664
48201252400,0.8024,0.8617,0.7673,0.2514,0.7061
48201252500,0.9444,0.4704,0.7304,0.8102,0.8505
48201252600,0.8621,0.6032,0.833,0.6993,0.8255
48201252700,0.602,0.8224,0.4005,0.669,0.642
48201252800,0.8295,0.9007,0.6887,0.6408,0.8294
48201252900,0.6183,0.7482,0.3909,0.7185,0.644
48201253000,0.6938,0.6528,0.5563,0.6008,0.6612
48201253100,0.3177,0.2194,0.4908,0.057999999999999996,0.1781
48201253200,0.6162,0.7272,0.5473,0.5776,0.6311
48201253300,0.423,0.8078,0.2928,0.1065,0.3286
48201253500,0.5734,0.5579999999999999,0.7120000000000001,0.8931,0.7299
48201253600,0.591,0.4518,0.7145,0.8284,0.6906
48201253700,0.5327,0.4773,0.6206,0.9365,0.7004
48201253800,0.7466,0.7153,0.6129,0.7168,0.7447
48201253900,0.7055,0.9224,0.4317,0.8045,0.7722
48201254000,0.4076,0.8833,0.6131,0.8522,0.6952
48201254100,0.8132,0.9287,0.7061,0.9397,0.9326
48201254200,0.8289,0.9521,0.8632,0.3076,0.7983
48201254300,0.8527,0.8019,0.7051,0.8495,0.8793
48201254400,0.9678,0.8521,0.9007,0.7039,0.9294
48201254500,0.8109,0.7683,0.8052,0.805,0.8637
48201254600,0.7165,0.5641,0.8574,0.4514,0.6845
48201254700,0.5446,0.8341,0.4059,0.8753,0.696
48201310100,0.7295,0.128,0.7633,0.8933,0.7065
48201310200,0.0762,0.0071,0.4127,0.2481,0.0512
48201310300,0.6436,0.1027,0.7829999999999999,0.4112,0.5006
48201310400,0.7786,0.7906,0.9701,0.4899,0.8031
48201310600,0.8001,0.6695,0.925,0.4026,0.7461
48201310700,0.6683,0.41100000000000003,0.8586,0.9016,0.7848
48201310800,0.868,0.4526,0.9541,0.9259,0.9044
48201310900,0.8763,0.8216,0.9793,0.9505,0.9702
48201311000,0.9392,0.5273,0.977,0.5264,0.8334
48201311100,0.7717,0.8057,0.9943,0.7943,0.8948
48201311200,0.8488,0.6737,0.8779,0.6001,0.8140000000000001
48201311300,0.723,0.2725,0.9432,0.2748,0.5925
48201311400,0.8216,0.4087,0.9627,0.5586,0.7609999999999999
48201311500,0.8757,0.3677,0.9851,0.5527,0.7837
48201311600,0.9054,0.3094,0.9814,0.9931,0.9512
48201311700,0.8824,0.6842,0.9665,0.9979,0.9846
48201311800,0.9225,0.7022,0.9424,0.7145,0.8935
48201311900,0.8239,0.5379999999999999,0.9223,0.6087,0.7931
48201312200,0.8086,0.4784,0.6766,0.7859999999999999,0.7699
48201312300,0.8673,0.5513,0.7859,0.7653,0.8265
48201312400,0.8868,0.7099,0.6514,0.3924,0.7196
48201312600,0.0913,0.0157,0.5741,0.7306,0.2125
48201312700,0.3815,0.1458,0.3995,0.2708,0.2679
48201313000,0.4955,0.3991,0.4131,0.7415,0.5399
48201313200,0.5569,0.4574,0.4864,0.7707,0.6023
48201313300,0.7234,0.9266,0.5078,0.5554,0.7217
48201313400,0.8043,0.7461,0.6814,0.8419,0.8418
48201313500,0.929,0.8038,0.8073,0.8822,0.937
48201313600,0.9045,0.836,0.7635,0.7956,0.9009999999999999
48201313700,0.7769,0.7705,0.8176,0.7240000000000001,0.8263
48201313800,0.9026,0.8992,0.7545,0.6974,0.8879
48201314002,0.3516,0.0169,0.4309,0.7718,0.3004
48201314300,0.6319,0.033,0.5519,0.5316,0.4121
48201314400,0.1744,0.0073,0.5941,0.4356,0.1553
48201320100,0.765,0.1975,0.9791,0.9336,0.8232
48201320200,0.863,0.4951,0.9478,0.7918,0.861
48201320500,0.7272,0.493,0.9187,0.1338,0.5774
48201320601,0.6572,0.3673,0.8622,0.527,0.6436
48201320602,0.7725,0.4231,0.9351,0.8637,0.8342
48201320700,0.7301,0.7797,0.8708,0.5983,0.7835
48201320800,0.8486,0.6777,0.917,0.9678,0.9447
48201320900,0.8204,0.4796,0.8647,0.8507,0.8445
48201321000,0.8607,0.6043,0.8729,0.5918,0.8033
48201321100,0.5968,0.22399999999999998,0.7727,0.3825,0.5144
48201321200,0.9515,0.5401,0.8819,0.9545,0.9468
48201321300,0.8228,0.5409,0.9171,0.8006,0.8489
48201321401,0.8431,0.8486,0.8837,0.4583,0.8132
48201321402,0.7025,0.5478,0.8825,0.5525,0.7104
48201321500,0.9555,0.6258,0.9636,0.9171,0.9534
48201321600,0.7090000000000001,0.7446,0.8291,0.5542,0.743
48201321700,0.5362,0.1477,0.8796,0.455,0.5119
48201321800,0.8909999999999999,0.5392,0.9097,0.4976,0.7862
48201321900,0.8958,0.5825,0.9062,0.7703,0.8693
48201322000,0.9505,0.6285,0.9418,0.8804,0.9390000000000001
48201322100,0.958,0.7070000000000001,0.8421,0.9858,0.9768
48201322200,0.9528,0.7551,0.8511,0.9488,0.9635
48201322600,0.7616,0.7158,0.6378,0.5882,0.7203
48201322700,0.8172,0.8893,0.8123,0.508,0.8142
48201322800,0.8759,0.2966,0.8377,0.3867,0.6774
48201322900,0.897,0.7356,0.8984,0.631,0.8597
48201323000,0.9605,0.8277,0.9108,0.9929,0.9935
48201323100,0.9511,0.8747,0.8442,0.9841,0.9877
48201323200,0.7174,0.3853,0.7803,0.4807,0.6417
48201323300,0.8427,0.7731,0.8737,0.9459,0.9386
48201323400,0.9244,0.7691,0.8192,0.9025,0.9384
48201323500,0.9653,0.5511,0.8578,0.9229999999999999,0.9357
48201323600,0.4239,0.5365,0.6202,0.5057,0.5134
48201323702,0.7422,0.8797,0.6343,0.5195,0.7357
48201323801,0.5275,0.7170000000000001,0.722,0.1495,0.4894
48201323802,0.7811,0.721,0.7876,0.9806,0.92
48201323900,0.8509,0.6975,0.7021,0.9942,0.9443
48201324000,0.4686,0.41200000000000003,0.5534,0.2685,0.4107
48201324100,0.9589,0.7314,0.8701,0.7632,0.9146
48201324200,0.7815,0.7229,0.9790000000000001,0.1741,0.6833
48201330100,0.7784,0.6796,0.8871,0.4506,0.7415
48201330200,0.8592,0.8722,0.8111,0.953,0.9524
48201330301,0.6148,0.4001,0.9434,0.09,0.4756
48201330302,0.6576,0.6419,0.8689,0.3489,0.6418
48201330303,0.6921,0.2029,0.7838,0.6365,0.6288
48201330400,0.7804,0.5645,0.8603,0.5179,0.7351
48201330500,0.8682,0.6275,0.9135,0.3525,0.7466
48201330600,0.8185,0.4143,0.8754,0.4168,0.6979
48201330700,0.9116,0.6312,0.9101,0.5287,0.8217
48201330800,0.573,0.4269,0.7401,0.4924,0.5854
48201330900,0.7405,0.5529999999999999,0.7947,0.503,0.6944
48201331100,0.9141,0.8937,0.5775,0.6218,0.8321
48201331200,0.8452,0.9638,0.5564,0.753,0.8645
48201331300,0.813,0.6735,0.7612,0.6126,0.7747
48201331400,0.9891,0.9996,0.5915,0.5726,0.9489
48201331500,0.5853,0.4581,0.6096,0.436,0.5428
48201331601,0.7341,0.7674,0.5834,0.3809,0.647
48201331602,0.9413,0.7699,0.7486,0.9079,0.934
48201331700,0.8515,0.9989,0.7336,0.5592,0.9134
48201331800,0.9056,0.8852,0.7555,0.8279,0.9186
48201331900,0.8053,0.9916,0.5006,0.3713,0.7537
48201332000,0.9637,0.9967,0.7777,0.9252,0.9944
48201332100,0.8755,0.968,0.9336,0.4064,0.8697
48201332200,0.9545,0.78,0.9395,0.3105,0.8190000000000001
48201332300,0.8320000000000001,0.3872,0.8534,0.2804,0.6493
48201332400,0.7857,0.5733,0.757,0.3395,0.6607
48201332500,0.6455,0.5842,0.8674,0.868,0.7914
48201332600,0.8991,0.8553,0.9652,0.8839,0.9568
48201332700,0.8665,0.8059,0.951,0.6575,0.8808
48201332800,0.9645,0.7833,0.9522,0.9616,0.9831
48201332900,0.8678,0.6833,0.9064,0.9165,0.9225
48201333000,0.7608,0.5873,0.8988,0.1499,0.6106
48201333100,0.7132,0.3698,0.9558,0.8614,0.8012
48201333201,0.8707,0.3307,0.9397,0.8697,0.858
48201333202,0.5722,0.2981,0.8867,0.6797,0.6395
48201333300,0.7397,0.5296,0.9388,0.8743,0.8426
48201333500,0.8521,0.3865,0.9824,0.7068,0.8207
48201333600,0.4379,0.2638,0.7625,0.1869,0.3785
48201333700,0.7548,0.23199999999999998,0.9078,0.2756,0.5879
48201333800,0.6737,0.2556,0.9114,0.7334,0.6942
48201333901,0.3754,0.2165,0.8333,0.3437,0.4209
48201333902,0.6223,0.3368,0.8276,0.309,0.5495
48201334001,0.6154,0.7452,0.7968,0.8643,0.7937
48201334002,0.2762,0.0261,0.4587,0.3026,0.1708
48201334003,0.54,0.0914,0.753,0.3009,0.4067
48201334100,0.5903,0.4662,0.7476,0.7933,0.69
48201340100,0.3342,0.4738,0.6162,0.2326,0.3633
48201340201,0.0366,0.2575,0.3389,0.3838,0.1787
48201340202,0.2124,0.0724,0.5142,0.1361,0.1453
48201340203,0.0786,0.0469,0.19899999999999998,0.0944,0.0328
48201340301,0.0257,0.105,0.2962,0.0178,0.0138
48201340302,0.1677,0.2769,0.133,0.0,0.0259
48201340400,0.0357,0.2259,0.0865,0.0,0.006
48201340500,0.6002,0.1374,0.5379,0.5131,0.4651
48201340600,0.2008,0.2437,0.12,0.0036,0.0299
48201340700,0.5106,0.5769,0.5178,0.1581,0.4036
48201340800,0.1441,0.1749,0.2798,0.0234,0.0457
48201340900,0.4989,0.1853,0.5612,0.3349,0.3843
48201341000,0.24,0.3583,0.4746,0.4283,0.3255
48201341100,0.3934,0.1617,0.6661,0.8605,0.5432
48201341201,0.6559,0.3566,0.39,0.7563,0.596
48201341202,0.3253,0.4451,0.2958,0.4538,0.3509
48201341301,0.5682,0.1196,0.499,0.6623,0.4787
48201341302,0.4124,0.0991,0.6829,0.5485,0.4188
48201341400,0.0543,0.3748,0.154,0.3926,0.1774
48201341501,0.1132,0.0703,0.0239,0.3328,0.086
48201341502,0.2012,0.0776,0.1825,0.1163,0.0795
48201341600,0.3399,0.461,0.1967,0.3247,0.2992
48201341700,0.21100000000000002,0.4978,0.1787,0.6064,0.3263
48201341800,0.3873,0.5992,0.1892,0.5024,0.406
48201342001,0.0215,0.2196,0.1395,0.023,0.0173
48201342002,0.127,0.0983,0.4116,0.2168,0.1393
48201342100,0.3863,0.3319,0.5444,0.2073,0.3271
48201342300,0.7161,0.4457,0.6617,0.672,0.6791
48201342400,0.4205,0.384,0.5283,0.5243,0.4628
48201342500,0.2833,0.6823,0.0897,0.4479,0.3244
48201342700,0.3704,0.7469,0.1108,0.3153,0.3436
48201342800,0.1015,0.1299,0.2185,0.0092,0.0167
48201342900,0.4926,0.6718,0.1648,0.7329,0.5301
48201343000,0.5367,0.4079,0.4606,0.5855,0.5179
48201343100,0.1667,0.5913,0.1879,0.1075,0.1666
48201343200,0.2969,0.1809,0.447,0.0142,0.0973
48201343301,0.2824,0.3265,0.3494,0.0821,0.1798
48201343302,0.1558,0.142,0.2901,0.3435,0.1783
48201343700,0.6925,0.8827,0.4979,0.5937,0.7008
48201350100,0.2728,0.2416,0.6607,0.2261,0.2912
48201350200,0.4435,0.2617,0.7093,0.3635,0.4372
48201350300,0.3184,0.165,0.6339,0.0125,0.1344
48201350400,0.6405,0.6923,0.8136,0.6732,0.7284
48201350500,0.7126,0.5961,0.7585,0.721,0.7451
48201350601,0.1491,0.1136,0.2627,0.237,0.1328
48201350602,0.1544,0.1406,0.3972,0.0802,0.0988
48201350700,0.19699999999999998,0.8245,0.1424,0.0451,0.1637
48201350801,0.4692,0.3154,0.44299999999999995,0.2595,0.3516
48201350802,0.2989,0.2361,0.5934,0.161,0.2599
48201410100,0.3838,0.0611,0.5004,0.2767,0.2486
48201410200,0.0267,0.0098,0.2618,0.2303,0.0251
48201410401,0.033,0.0356,0.0172,0.1533,0.0169
48201410402,0.0622,0.0178,0.2442,0.3155,0.055999999999999994
48201410500,0.0961,0.0125,0.1485,0.6333,0.0992
48201410600,0.0146,0.0056,0.11900000000000001,0.5759,0.0488
48201410701,0.2179,0.0671,0.2773,0.84,0.304
48201410800,0.2127,0.0209,0.3396,0.2545,0.1052
48201410900,0.1692,0.0247,0.3626,0.1836,0.0818
48201411000,0.052000000000000005,0.0297,0.2137,0.7615,0.1618
48201411100,0.0976,0.2571,0.1864,0.1863,0.1209
48201411200,0.0081,0.1418,0.1542,0.0691,0.0232
48201411300,0.0658,0.0571,0.1569,0.223,0.0614
48201411400,0.0035,0.1564,0.115,0.2988,0.0729
48201411501,0.0616,0.0268,0.1808,0.2986,0.0543
48201411502,0.0249,0.0172,0.2558,0.4134,0.0601
48201411600,0.0412,0.1381,0.1345,0.0898,0.0392
48201411700,0.1038,0.0079,0.2243,0.1211,0.019
48201411800,0.0629,0.0439,0.2826,0.3374,0.094
48201411900,0.0432,0.0491,0.1175,0.3022,0.0597
48201412000,0.0478,0.0945,0.0214,0.2441,0.0536
48201412200,0.0597,0.0694,0.2369,0.8056,0.2196
48201412300,0.0328,0.2027,0.0626,0.0697,0.0313
48201412400,0.0008,0.2439,0.071,0.0169,0.0061
48201412500,0.0389,0.1322,0.3634,0.2713,0.1242
48201412600,0.0023,0.1498,0.0691,0.0367,0.0086
48201412700,0.0326,0.2083,0.156,0.5738,0.1777
48201412800,0.0129,0.1519,0.2865,0.0662,0.0386
48201412900,0.0923,0.1512,0.5712,0.4972,0.2522
48201413000,0.0219,0.1349,0.2327,0.256,0.0894
48201413100,0.0293,0.1882,0.0869,0.3172,0.0965
48201413201,0.2193,0.0537,0.3821,0.3967,0.195
48201413202,0.1991,0.0592,0.35,0.3343,0.1685
48201413300,0.1228,0.1611,0.4782,0.6122,0.2789
48201420100,0.7046,0.161,0.8146,0.6571,0.6342
48201420200,0.4487,0.1245,0.7426,0.6619,0.4952
48201420300,0.2569,0.1642,0.1803,0.5329,0.2497
48201420400,0.3267,0.1742,0.4273,0.3932,0.2956
48201420500,0.9634,0.6647,0.9455,0.9572,0.9704
48201420600,0.2893,0.2736,0.4841,0.1161,0.2175
48201420700,0.0856,0.7185,0.1294,0.0225,0.0781
48201420800,0.0152,0.1753,0.2256,0.028999999999999998,0.0202
48201420900,0.0019,0.1713,0.3033,0.076,0.0403
48201421000,0.0038,0.183,0.226,0.0077,0.0073
48201421101,0.5268,0.0701,0.8561,0.6024,0.5115
48201421102,0.7378,0.3539,0.9679,0.98,0.8835
48201421201,0.738,0.0638,0.9535,0.7229,0.6576
48201421202,0.8028,0.5658,0.9795,0.7676,0.8499
48201421300,0.855,0.4275,0.9491,0.9618,0.9152
48201421401,0.8651,0.2989,0.9987,0.9952,0.9497
48201421402,0.8045,0.4349,0.9990000000000001,0.9062,0.8866
48201421403,0.9052,0.3713,0.9839,0.9906,0.9549
48201421500,0.6814,0.0734,0.9059,0.9827,0.7603
48201421600,0.8546,0.524,0.9686,0.9127,0.9083
48201421700,0.2501,0.3066,0.6994,0.3654,0.3545
48201421800,0.1475,0.0538,0.5398,0.3414,0.1812
48201421900,0.047,0.3294,0.0959,0.1929,0.1008
48201422000,0.1097,0.5582,0.385,0.2625,0.2369
48201422100,0.4763,0.2067,0.6584,0.2541,0.3793
48201422200,0.8972,0.7519,0.8339,0.6966,0.8666
48201422301,0.9338,0.6859999999999999,0.8752,0.9009999999999999,0.9374
48201422302,0.6004,0.3849,0.5809,0.1489,0.4152
48201422401,0.7182,0.8664,0.8354,0.7089,0.825
48201422402,0.7481,0.2637,0.8768,0.8551,0.7649
48201422500,0.7819,0.6308,0.8268,0.7927,0.8244
48201422701,0.7149,0.1949,0.8636,0.5421,0.6292
48201422702,0.5066,0.2535,0.762,0.2873,0.4491
48201422900,0.775,0.6517,0.915,0.9384,0.9004
48201423000,0.9426,0.575,0.9164,0.9845,0.9693
48201423100,0.9401,0.1326,0.9759,0.7588,0.8054
48201423201,0.4986,0.1862,0.7302,0.511,0.49
48201423202,0.9118,0.585,0.8766,0.9044,0.915
48201423301,0.5582,0.5313,0.6743,0.8699,0.6987
48201423302,0.4197,0.8841,0.6376,0.4028,0.5701
48201423401,0.6348,0.5461,0.6033,0.9163,0.7369
48201423402,0.3718,0.4505,0.7954,0.4051,0.4864
48201423500,0.3255,0.223,0.6781,0.0159,0.1674
48201423600,0.6691,0.7089,0.7357,0.764,0.7566
48201430100,0.0666,0.2349,0.1236,0.9269,0.305
48201430200,0.0825,0.3058,0.26,0.1712,0.134
48201430300,0.0453,0.3434,0.1684,0.0148,0.0269
48201430400,0.0107,0.1464,0.1931,0.0161,0.0092
48201430500,0.1903,0.2696,0.4097,0.5577,0.3054
48201430600,0.0079,0.3085,0.3643,0.0687,0.0678
48201430700,0.1203,0.6128,0.4181,0.3539,0.2881
48201430800,0.0073,0.2516,0.27399999999999997,0.1207,0.0701
48201430900,0.0265,0.3608,0.2968,0.1307,0.1084
48201431000,0.0424,0.1219,0.1313,0.5012,0.1382
48201431101,0.2455,0.07200000000000001,0.5543,0.2915,0.2194
48201431102,0.3227,0.2566,0.39299999999999996,0.7129,0.4115
48201431201,0.2377,0.0726,0.5624,0.9566,0.45299999999999996
48201431202,0.1548,0.0402,0.3467,0.4709,0.1687
48201431301,0.196,0.0443,0.6466,0.4072,0.2294
48201431302,0.0846,0.1839,0.2063,0.2796,0.1311
48201431401,0.151,0.0586,0.4305,0.3661,0.172
48201431402,0.0387,0.0299,0.2317,0.1167,0.0244
48201431501,0.0781,0.2044,0.1142,0.2349,0.1044
48201431502,0.0092,0.0866,0.1339,0.1021,0.0223
48201431600,0.0175,0.2732,0.1477,0.4107,0.1417
48201431700,0.0637,0.1719,0.1718,0.151,0.0752
48201431801,0.005,0.0644,0.4147,0.5561,0.1541
48201431802,0.1817,0.0205,0.5886,0.6669,0.242
48201431900,0.0307,0.0274,0.2157,0.7175,0.1365
48201432001,0.1502,0.0408,0.6223,0.3627,0.1919
48201432002,0.6724,0.0109,0.8025,0.5763,0.4549
48201432100,0.3514,0.0305,0.6653,0.9561,0.4843
48201432200,0.4495,0.0837,0.7124,0.5055,0.4226
48201432300,0.6037,0.0609,0.8199,0.6763,0.5534
48201432400,0.5784,0.0707,0.7591,0.8282,0.5868
48201432500,0.7723,0.4133,0.8540000000000001,0.6385,0.7367
48201432600,0.3827,0.2704,0.6676,0.7929,0.5443
48201432701,0.8490000000000001,0.5101,0.9493,0.9161,0.9015
48201432702,0.3829,0.0291,0.7214,0.2616,0.2601
48201432801,0.7756,0.1968,0.938,0.8398,0.7708
48201432802,0.9166,0.7166,0.9294,0.9701,0.9687
48201432901,0.794,0.4204,0.9346,0.6826,0.7812
48201432902,0.8899,0.2479,0.9376,0.7396,0.8013
48201433001,0.8908,0.3073,0.9881,0.9758,0.9271
48201433002,0.912,0.2171,0.9971,0.9532,0.9031
48201433003,0.9551,0.3466,0.9979,0.7693,0.8814
48201433100,0.907,0.3909,0.9916,0.8774,0.8996
48201433201,0.7907,0.7498,0.9173,0.64,0.8261
48201433202,0.6827,0.5198,0.8831,0.8432,0.7927
48201433300,0.4592,0.5417,0.7442,0.5241,0.5716
48201433400,0.7445,0.2548,0.8923,0.5275,0.6637
48201433501,0.9611,0.4986,0.9908,0.7678,0.9063
48201433502,0.9877,0.4612,0.986,0.9027,0.9518
48201433600,0.943,0.4838,0.9177,0.8854,0.9144
48201440100,0.6651,0.1479,0.7989,0.8106,0.6601
48201450100,0.0639,0.3485,0.2497,0.2128,0.14800000000000002
48201450200,0.0106,0.33899999999999997,0.1389,0.1251,0.0683
48201450300,0.3675,0.3987,0.5333,0.1687,0.3131
48201450400,0.4683,0.2031,0.6929,0.3836,0.434
48201450500,0.0088,0.1291,0.1353,0.0347,0.0125
48201450600,0.1136,0.2522,0.4185,0.4245,0.2342
48201450700,0.0029,0.4779,0.0769,0.0819,0.0528
48201450801,0.27699999999999997,0.1516,0.3921,0.2078,0.2083
48201450802,0.6359,0.3721,0.752,0.602,0.6298
48201450900,0.1232,0.2121,0.4443,0.0415,0.0868
48201451001,0.7036,0.2499,0.6636,0.4684,0.5718
48201451002,0.5208,0.1426,0.6594,0.6062,0.4954
48201451100,0.3792,0.261,0.4977,0.1975,0.2914
48201451200,0.0353,0.2487,0.1979,0.0,0.0123
48201451300,0.264,0.095,0.4912,0.1165,0.1612
48201451401,0.1293,0.1307,0.4856,0.6271,0.2756
48201451402,0.2469,0.0625,0.5999,0.3688,0.2441
48201451403,0.1143,0.0485,0.5132,0.1904,0.1167
48201451500,0.0336,0.0349,0.4543,0.2973,0.0921
48201451601,0.0904,0.5737,0.4636,0.6129,0.35200000000000004
48201451602,0.1028,0.0619,0.6316,0.6254,0.2647
48201451700,0.3927,0.2483,0.6359,0.1568,0.3092
48201451800,0.4441,0.3491,0.787,0.6114,0.563
48201451901,0.5525,0.2949,0.7369,0.6828,0.5996
48201451902,0.2666,0.1408,0.6204,0.0664,0.1712
48201452000,0.4846,0.1121,0.6699,0.4936,0.4363
48201452100,0.4333,0.302,0.6083,0.7118,0.5296
48201452201,0.4489,0.0259,0.7329,0.8083,0.4597
48201452202,0.2776,0.0211,0.6403,0.342,0.2106
48201452300,0.6467,0.0797,0.9055,0.6699,0.5994
48201452400,0.8072,0.6791,0.9428,0.3356,0.7332
48201452500,0.9499,0.8467,0.9305,0.9683,0.9848
48201452600,0.8701,0.6446,0.9334,0.7058,0.8601
48201452700,0.6942,0.3451,0.8775,0.6997,0.7090000000000001
48201452801,0.7683,0.6107,0.8733,0.431,0.7132
48201452802,0.8642,0.4899,0.9533,0.5589999999999999,0.7962
48201452900,0.8932,0.4179,0.9259,0.4803,0.762
48201453000,0.7805,0.2272,0.9721,0.2028,0.5902
48201453100,0.9087,0.6386,0.8896,0.6659,0.8526
48201453200,0.9593,0.6256,0.9470000000000001,0.9933,0.9854
48201453300,0.9012,0.7157,0.8762,0.4844,0.8123
48201453401,0.7727,0.5398,0.7962,0.6108,0.7382
48201453402,0.7979999999999999,0.3664,0.8435,0.705,0.7551
48201453403,0.8627,0.5836,0.9504,0.8841,0.9036
48201453501,0.596,0.3029,0.8661,0.7809999999999999,0.6814
48201453502,0.6668,0.4045,0.7755,0.4049,0.6004
48201453601,0.9077,0.5039,0.8992,0.2706,0.7106
48201453602,0.8421,0.6513,0.9039,0.8139,0.8735
48201453700,0.6839,0.5049,0.9281,0.7515,0.7643
48201453800,0.8979,0.7203,0.8331,0.4569,0.795
48201453900,0.6497,0.0805,0.9466,0.8751,0.6831
48201454000,0.6215,0.1176,0.8345,0.2046,0.439
48201454100,0.2104,0.5405,0.6529,0.2071,0.3188
48201454200,0.4145,0.1431,0.7170000000000001,0.1121,0.2812
48201454301,0.4704,0.2843,0.7137,0.6456,0.5501
48201454302,0.5492,0.3093,0.7851,0.0464,0.3395
48201454400,0.0084,0.0446,0.5019,0.3237,0.1006
48201454501,0.0317,0.0736,0.2352,0.004,0.0033
48201454502,0.136,0.2226,0.3879,0.038,0.0816
48201454600,0.1654,0.2884,0.5649,0.2687,0.2491
48201454700,0.0526,0.1914,0.2679,0.0725,0.0562
48201454800,0.2843,0.3499,0.3835,0.2443,0.2672
48201454900,0.2014,0.1389,0.5341,0.1242,0.1658
48201455000,0.14,0.2468,0.41200000000000003,0.2007,0.1802
48201455101,0.4606,0.0437,0.5731,0.3418,0.2981
48201455102,0.1577,0.146,0.3203,0.0296,0.0547
48201455200,0.3576,0.3549,0.3065,0.2207,0.276
48201455300,0.1861,0.1111,0.415,0.7026,0.2979
48201510200,0.1454,0.0176,0.4055,0.5341,0.1562
48201510300,0.0384,0.09699999999999999,0.0454,0.2623,0.0578
48201510400,0.1832,0.022000000000000002,0.1942,0.7762,0.2017
48201510500,0.1444,0.0134,0.3917,0.5281,0.1401
48201510600,0.0831,0.008,0.381,0.2589,0.052000000000000005
48201510700,0.0075,0.005,0.1255,0.4702,0.033
48201510800,0.0134,0.0226,0.1575,0.3019,0.0369
48201510900,0.1932,0.0213,0.6085,0.2591,0.1491
48201511001,0.2066,0.0868,0.2769,0.0927,0.0875
48201511002,0.0349,0.1142,0.1982,0.2829,0.091
48201511200,0.1619,0.0328,0.2821,0.18600000000000003,0.0777
48201511301,0.1272,0.1096,0.0522,0.3082,0.1038
48201511302,0.0752,0.0374,0.0911,0.3161,0.0593
48201511400,0.174,0.0749,0.5249,0.6235,0.27699999999999997
48201511500,0.1586,0.1698,0.4374,0.0948,0.124
48201511600,0.5855,0.265,0.8240000000000001,0.6166,0.604
48201520100,0.3746,0.127,0.5704,0.3548,0.318
48201520200,0.2975,0.1456,0.615,0.2518,0.2726
48201520300,0.7282,0.3771,0.8009999999999999,0.9916,0.8656
48201520400,0.8525,0.6486,0.8685,0.934,0.9157
48201520500,0.8095,0.5915,0.9036,0.9871,0.9388
48201520601,0.8492,0.6467,0.9386,0.5684,0.8146
48201520602,0.8141,0.6335,0.9298,0.5584,0.7942
48201521000,0.7761,0.3826,0.8429,0.6694,0.7392
48201521100,0.8337,0.255,0.9221,0.8818,0.8257
48201521200,0.8373,0.3593,0.938,0.8973,0.8628
48201521300,0.8473,0.7005,0.8817,0.9198,0.9169
48201521400,0.9041,0.5426,0.9853,0.8712,0.9159
48201521500,0.7109,0.3355,0.8009999999999999,0.4498,0.6207
48201521600,0.7393,0.2675,0.8856,0.2253,0.5678
48201521700,0.9033,0.3169,0.8607,0.7143,0.7985
48201521800,0.4631,0.0351,0.8144,0.8601,0.525
48201521900,0.4013,0.2817,0.7157,0.7056,0.5379999999999999
48201522000,0.6006,0.6505,0.7451,0.8123,0.7326
48201522100,0.4723,0.7147,0.7599,0.8939,0.7340000000000001
48201522201,0.7408,0.7735,0.8287,0.42200000000000004,0.7225
48201522202,0.8222,0.6759999999999999,0.8477,0.9543,0.9167
48201522301,0.5943,0.1962,0.7834,0.6813,0.5983
48201522302,0.649,0.2179,0.8232,0.7997,0.6752
48201522401,0.5005,0.4256,0.6856,0.4066,0.5104
48201522402,0.6821,0.0542,0.6984,0.3974,0.4624
48201522500,0.0111,0.1786,0.0392,0.0923,0.0257
48201530100,0.7311,0.2629,0.9158,0.8235,0.7553
48201530200,0.3021,0.2529,0.4738,0.8177,0.4582
48201530300,0.8788,0.8293,0.9242,0.8471,0.9334
48201530500,0.9154,0.8687,0.9409,0.9902,0.9906
48201530700,0.8895,0.6235,0.9254,0.9846,0.9614
48201530800,0.6192,0.535,0.7361,0.7018,0.6802
48201530900,0.2806,0.4587,0.6251,0.9071,0.5795
48201531000,0.2237,0.1355,0.4501,0.3324,0.2261
48201531100,0.1053,0.1665,0.2922,0.0622,0.0645
48201531200,0.23,0.0757,0.4604,0.1931,0.1681
48201531300,0.7896,0.4472,0.8251,0.9175,0.8463
48201531400,0.3014,0.2173,0.514,0.2355,0.2687
48201531500,0.2262,0.1634,0.5513,0.2951,0.2457
48201531600,0.1308,0.1587,0.5888,0.1921,0.1875
48201531700,0.0882,0.1573,0.1988,0.2358,0.1125
48201531800,0.8335,0.7490000000000001,0.8657,0.5513,0.8094
48201531900,0.7514,0.9067,0.8458,0.275,0.7213
48201532001,0.8559,0.5066,0.8077,0.8545,0.8503
48201532002,0.0879,0.2596,0.5193,0.0741,0.1205
48201532100,0.8345,0.7298,0.8846,0.6592,0.8378
48201532200,0.8502,0.4857,0.9001,0.6467,0.7992
48201532300,0.3844,0.3846,0.7872,0.6264,0.5514
48201532400,0.3952,0.5453,0.7417,0.6358,0.5787
48201532501,0.5985,0.2207,0.8509,0.3364,0.5175
48201532502,0.6399,0.1004,0.846,0.1641,0.4203
48201532600,0.7566,0.29600000000000004,0.924,0.7033,0.7388
48201532700,0.7063,0.5760000000000001,0.7141,0.5014,0.6655
48201532800,0.7113,0.215,0.8888,0.1656,0.5092
48201532900,0.7915,0.3665,0.9256,0.4164,0.6887
48201533000,0.9609,0.9184,0.8785,0.7079,0.9411
48201533100,0.7092,0.5907,0.7465,0.4149,0.6499
48201533200,0.6762,0.5246,0.8284,0.3863,0.6317
48201533300,0.9469,0.9690000000000001,0.8039,0.9735,0.9914
48201533400,0.9421,0.8105,0.9409,0.6561,0.9075
48201533500,0.6612,0.4988,0.8182,0.1389,0.5225
48201533600,0.8912,0.4484,0.9202,0.9538,0.9192
48201533701,0.9488,0.6873,0.9768,0.6283,0.8894
48201533702,0.8364,0.3543,0.9011,0.2621,0.6476
48201533801,0.7829,0.488,0.9397,0.521,0.7440000000000001
48201533802,0.8697,0.6365,0.96,0.4652,0.7969
48201533901,0.8082,0.7496,0.9045,0.3126,0.733
48201533902,0.9829,0.8498,0.9537,0.6976,0.9466
48201534001,0.9676,0.4556,0.9235,0.9524,0.9486
48201534002,0.7848,0.7149,0.8854,0.1637,0.652
48201534003,0.6875,0.43,0.902,0.3562,0.6255
48201534100,0.7568,0.6409,0.8643,0.6509,0.7759999999999999
48201534202,0.192,0.0552,0.5343,0.1263,0.1278
48201540100,0.1076,0.0728,0.6509999999999999,0.3955,0.2169
48201540200,0.5820000000000001,0.1801,0.8328,0.3523,0.496
48201540501,0.5032,0.2154,0.8419,0.3005,0.4616
48201540502,0.2885,0.2248,0.4263,0.0127,0.0981
48201540601,0.2177,0.0308,0.5714,0.0512,0.0764
48201540602,0.5636,0.4369,0.7055,0.2817,0.5004
48201540700,0.3146,0.0678,0.6854,0.4444,0.3225
48201540800,0.6221,0.3217,0.7688,0.5199,0.5958
48201540901,0.1709,0.1213,0.27899999999999997,0.1052,0.0935
48201540902,0.3213,0.2098,0.4476,0.3387,0.2908
48201541001,0.3967,0.2512,0.6368,0.2999,0.371
48201541002,0.1778,0.2991,0.5582,0.2746,0.2576
48201541003,0.2175,0.2006,0.4066,0.0391,0.1048
48201541100,0.2849,0.1711,0.3764,0.0242,0.096
48201541201,0.0932,0.1493,0.3657,0.209,0.1351
48201541202,0.4402,0.2422,0.4623,0.6404,0.4532
48201541203,0.0102,0.1694,0.036000000000000004,0.0509,0.0144
48201541300,0.6708,0.3824,0.7679,0.2942,0.5631
48201541400,0.3462,0.2623,0.7413,0.3408,0.3971
48201541500,0.4786,0.2568,0.6695,0.0576,0.2829
48201541601,0.314,0.1724,0.3023,0.1829,0.201
48201541602,0.5753,0.39799999999999996,0.7097,0.5133,0.5791
48201541700,0.324,0.0973,0.5785,0.32299999999999995,0.2797
48201541800,0.531,0.1878,0.5427,0.3308,0.3962
48201541900,0.2618,0.0389,0.5555,0.2944,0.1996
48201542000,0.2595,0.2242,0.5344,0.01,0.1017
48201542101,0.5774,0.3482,0.7312,0.1149,0.4142
48201542102,0.5179,0.4579,0.6372,0.1524,0.4138
48201542200,0.325,0.3119,0.7754,0.1785,0.342
48201542301,0.555,0.1723,0.6674,0.0988,0.32
48201542302,0.4617,0.3742,0.6473,0.2082,0.4019
48201542400,0.5385,0.3024,0.7382,0.8273,0.6428
48201542500,0.0652,0.3269,0.0861,0.2539,0.1255
48201542600,0.1373,0.1171,0.5258,0.032,0.0722
48201542700,0.4055,0.4844,0.5448,0.6089,0.5067
48201542800,0.3336,0.3619,0.4072,0.2238,0.2887
48201542900,0.3971,0.2734,0.6139,0.2433,0.3474
48201543001,0.0721,0.1073,0.4018,0.0438,0.047
48201543002,0.1078,0.1761,0.389,0.1382,0.1236
48201543003,0.4506,0.2746,0.7652,0.1737,0.3835
48201543100,0.4569,0.4968,0.6914,0.7427,0.61
48201543200,0.4984,0.2002,0.6757,0.6124,0.5107
48201550100,0.8928,0.5999,0.8829,0.9975,0.9729
48201550200,0.9014,0.5103,0.8299,0.9023,0.8912
48201550301,0.5828,0.5375,0.7974,0.7832,0.7054
48201550302,0.672,0.5727,0.7421,0.6342,0.6914
48201550401,0.8387,0.5484,0.8919,0.9518,0.91
48201550402,0.3986,0.2874,0.7847,0.5696,0.5121
48201550500,0.5548,0.3171,0.89,0.8515,0.6983
48201550601,0.5212,0.3267,0.8431,0.043,0.3426
48201550602,0.7159,0.4537,0.8741,0.1971,0.5873
48201550603,0.6758,0.3142,0.9592,0.5135,0.6587
48201550700,0.541,0.451,0.8263,0.2053,0.4962
48201550800,0.8266,0.3964,0.938,0.4322,0.7173
48201550900,0.6988,0.3246,0.8444,0.2042,0.5482
48201551000,0.8586,0.3847,0.948,0.2577,0.6741
48201551100,0.7048,0.4221,0.8925,0.8762,0.7996
48201551200,0.597,0.6124,0.7371,0.3305,0.5785
48201551300,0.2352,0.0554,0.7348,0.3379,0.2593
48201551400,0.1759,0.2728,0.6871,0.4548,0.3374
48201551500,0.3587,0.3411,0.7034,0.5318,0.4747
48201551600,0.4096,0.1688,0.7809,0.7595,0.5395
48201551701,0.1141,0.1182,0.579,0.1082,0.1296
48201551702,0.0892,0.0648,0.4772,0.0,0.0161
48201551703,0.1379,0.0314,0.645,0.1437,0.1161
48201551800,0.0635,0.1788,0.2401,0.1779,0.0967
48201551900,0.601,0.2372,0.6679999999999999,0.5172,0.5372
48201552001,0.2559,0.2508,0.6236,0.3992,0.3322
48201552002,0.1836,0.1541,0.4682,0.0656,0.1134
48201552101,0.1943,0.1435,0.6257,0.1938,0.2134
48201552102,0.2283,0.3723,0.5002,0.0457,0.1662
48201552103,0.3002,0.5593,0.4541,0.062,0.228
48201552200,0.4982,0.4074,0.5431,0.9482,0.6629999999999999
48201552301,0.1304,0.5905,0.0438,0.0729,0.1021
48201552302,0.2181,0.1686,0.5452,0.4895,0.3006
48201552400,0.512,0.7283,0.6288,0.6275,0.6236
48201552500,0.3879,0.3351,0.6221,0.4817,0.4497
48201552601,0.5114,0.6474,0.6295,0.5857,0.5979
48201552602,0.1372,0.1019,0.3647,0.4717,0.2075
48201552700,0.1788,0.1148,0.4545,0.8035,0.3378
48201552800,0.1492,0.1918,0.2107,0.1961,0.1326
48201552900,0.1381,0.7321,0.2807,0.1528,0.2209
48201553001,0.2062,0.2056,0.6075,0.5427,0.3392
48201553002,0.2354,0.5388,0.7285,0.3798,0.4169
48201553100,0.3616,0.4629,0.5557,0.5634,0.4724
48201553200,0.5475,0.7952,0.606,0.8661,0.7301
48201553300,0.5686,0.529,0.7553,0.8812,0.7288
48201553401,0.1297,0.2719,0.252,0.0079,0.0384
48201553402,0.23399999999999999,0.0345,0.4642,0.165,0.1271
48201553403,0.1682,0.0889,0.3729,0.0881,0.0885
48201553500,0.2246,0.2985,0.2675,0.0188,0.0791
48201553600,0.1826,0.0795,0.3812,0.379,0.1923
48201553700,0.2095,0.1937,0.3574,0.39399999999999996,0.2363
48201553801,0.179,0.1058,0.4767,0.4623,0.237
48201553802,0.2235,0.3752,0.4677,0.4751,0.3345
48201553900,0.1174,0.3388,0.2696,0.105,0.1238
48201554001,0.061,0.7816,0.5059,0.6187,0.401
48201554002,0.1218,0.1876,0.23399999999999999,0.0115,0.0284
48201554101,0.1866,0.6603,0.2164,0.0069,0.0893
48201554102,0.0833,0.0688,0.4365,0.1007,0.0716
48201554200,0.3491,0.1715,0.5616,0.4596,0.3524
48201554301,0.1003,0.2934,0.0327,0.0856,0.0595
48201554302,0.1984,0.3702,0.473,0.1013,0.1935
48201554401,0.0405,0.1472,0.2348,0.0461,0.0334
48201554402,0.0731,0.1529,0.371,0.1934,0.12300000000000001
48201554403,0.1134,0.4758,0.3944,0.1019,0.1643
48201554501,0.0777,0.2454,0.2918,0.0434,0.0576
48201554502,0.0138,0.3573,0.1106,0.0,0.0102
48201554600,0.0973,0.073,0.0852,0.0221,0.0109
48201554700,0.1191,0.1558,0.1728,0.1315,0.0835
48201554801,0.4493,0.28800000000000003,0.5631,0.649,0.4965
48201554802,0.2156,0.3152,0.2719,0.2907,0.2236
48201554901,0.2524,0.2721,0.5777,0.2408,0.2775
48201554902,0.0439,0.2449,0.2113,0.0983,0.0681
48201554903,0.0683,0.1943,0.3073,0.0209,0.0355
48201555000,0.3278,0.2859,0.2752,0.0566,0.1587
48201555100,0.2031,0.3468,0.5425,0.1213,0.2154
48201555200,0.3215,0.5681,0.6184,0.2493,0.3823
48201555301,0.0318,0.2282,0.1361,0.3732,0.1301
48201555302,0.0861,0.2158,0.3199,0.1694,0.1265
48201555303,0.146,0.2807,0.2723,0.3049,0.1969
48201555501,0.5289,0.5212,0.5413,0.8342,0.637
48201555502,0.2158,0.2148,0.3739,0.4464,0.2664
48201555600,0.3424,0.2274,0.474,0.4038,0.3305
48201555701,0.0522,0.3123,0.2731,0.1215,0.1035
48201555702,0.0746,0.0987,0.2134,0.0902,0.0466
48201556000,0.4009,0.4415,0.6219,0.6629999999999999,0.5363
48201980000,-999.0,0.0584,0.0,0.0758,-999.0
48201980100,0.6547,0.4775,0.4843,0.748,0.6361
48201100000,0.2757,0.0427,0.5096,0.8991,0.3868
48201210100,0.4032,0.2962,0.7744,0.8837,0.62
48201222000,0.836,0.1947,0.8754,0.7413,0.7455
48201232500,0.7827,0.6494,0.7903,0.8482,0.8390000000000001
48201250301,0.4122,0.2112,0.6315,0.6745,0.4846
48201253400,0.4531,0.8425,0.6665,0.9988,0.8478
48201310500,0.9553,0.909,0.9608,0.9468,0.9879
48201312000,0.6754,0.0084,0.305,0.8041,0.3983
48201312100,-999.0,0.0021,0.2694,-999.0,-999.0
48201312500,0.3677,0.0142,0.5109,0.7995,0.3257
48201312800,0.9434,0.3531,0.5163,0.9676,0.8537
48201312900,0.7123,0.5181,0.4709,0.9541,0.7601
48201313100,0.1255,0.0425,0.4325,0.5156,0.1877
48201313900,0.4199,0.0096,0.3609,0.7012,0.2704
48201314001,0.2425,0.013000000000000001,0.5134,0.6772,0.2315
48201323701,0.4036,0.5583,0.5243,0.6829999999999999,0.5393
48201342200,0.5108,0.7373,0.6491,0.9069,0.7322
48201343600,0.5661,0.6973,0.39799999999999996,0.6258,0.5875
48201410300,0.076,0.0686,0.0708,0.5187,0.1228
48201410702,0.4564,0.0341,0.4315,0.8263,0.4084
48201412100,-999.0,0.0006,0.3274,-999.0,-999.0
48201422600,0.5051,0.4464,0.6998,0.9641,0.7244
48201422800,0.8304,0.3317,0.8,0.9553,0.856
48201510100,0.22899999999999998,0.0301,0.5591,0.4631,0.2217
48201511100,0.1471,0.1261,0.5105,0.6928,0.3019
48201520700,0.4938,0.361,0.6255,0.6834,0.5662
48201530400,0.9284,0.9837,0.9271,0.981,0.9965
48201530600,0.9062,0.6827,0.9059999999999999,1.0,0.9896
48201534201,0.3837,0.0858,0.784,0.9305,0.5708
48201534203,0.5494,0.62,0.7344,0.9426,0.7658
48201555401,0.2547,0.6685,0.4627,0.7359,0.4914
48201555402,0.5369,0.8758,0.3551,0.8628,0.6891
